R编号,event_id,行类型,阶段(原表),六阶段(6.2),学生发言,AI可见回复,透镜标签,"标签归属
← 人工复核",归属置信,归属初判依据,"卡片调用
card_id","卡片调用
触发来源","卡片调用
学生目标","卡片调用
卡片输出","卡片调用
下游产物",发起方,发起方依据,脚手架密度,反馈处置,备注 / 风险标记
1,E001,交互轮,任务,1 任务进入,老师让写800词：Did China make the Earth become more sustainable? 你有什么建议,你怎么认为的？你有没有相关的材料可以支撑你的论点？,,,,,,,,,,引导·任务要求,教师任务说明,中,—,"弱依赖入口:「你有什么建议」(P1/P2 档,AI 未代写)"
2,E002,交互轮,微信真实起点,2 资料/文献,我刚刷到一篇微信公众号文章：https://mp.weixin.qq.com/s/vW5lj-Q4QXK17_JdhWUOxA，标题是《美航局卫星发现地球变绿了，源头在印度和中国，这是怎么回事？》。这个真的假的？是不是说中国把地球变绿了？,先别急着信，也别急着反驳。你先看看公众号作者、原文链接这类能往上追的线索。,SIFT · Stop,AI示范,高,学生只是贴链接问真假；Stop-and-Reflect 的动作在 AI 回复「先别急着信，也别急着反驳」,,,,,,自发,,低,—,"真实微信入口,学生自带材料"
3,E003,交互轮,微信真实起点,2 资料/文献,我现在的问题就是：公众号说的地球变绿是真的吗？中国到底是不是主角？,可以。这个临时问题比正式RQ真实。先追“公众号背后有没有上游来源”。,SIFT · Stop,AI示范,高,AI 给出「先追公众号背后有没有上游来源」,,,,,,引导·AI提示,R2,中,—,同轮透镜标签:SIFT---Stop and Refl
4,E004,交互轮,微信真实起点,2 资料/文献,我先打开文章，不急着摘内容，先看标题里哪些词能追源。,对。标题里的词先当线索，不当证据。,SIFT · Investigate,学生执行,高,学生自述「不急着摘内容，先看标题里哪些词能追源」，动作在学生侧,,,,,,自发,,低,—,透镜标签不构成引导（v3 修订）
5,E004,内部批注,微信真实起点,2 资料/文献,我提取关键词：美航局、卫星、地球变绿、印度和中国。,这些词可以用来找上游。,SIFT · Investigate,学生执行,中,学生发言中含动作或判断,,,,,,自发,,低,—,透镜标签不构成引导（v3 修订）
6,E004,内部批注,微信真实起点,2 资料/文献,我记录标题风险：“源头”这个词让我很容易以为中国和印度直接让地球变好了。,这个观察保留。它说明标题可能把“贡献比例”压成强因果。,话语解码,学生执行,中,学生发言中含动作或判断,,,,,,自发,,低,—,透镜标签不构成引导（v3 修订）
7,E005,交互轮,微信真实起点,2 资料/文献,我自己读标题时注意力也会偏向中国，虽然标题也有印度。,这很真实。把它写成注意力偏向，不要写成公众号一定错。,SIFT · Investigate,AI示范,中,学生未执行该动作，指令在本轮 AI 回复中,,,,,,自发,,低,—,透镜标签不构成引导（v3 修订）
8,E006,交互轮,微信真实起点,2 资料/文献,我差点想直接引用公众号，因为它标题挺适合题目。,先不要。它适合做问题入口，不适合作正文证据。,,,,,,,,,,自发,,低,—,
9,E007,交互轮,微信真实起点,2 资料/文献,我是不是要建个表？不然我怕后面乱。,可以做一个资源评估表：source、why opened、can show、cannot show。,,,,,,,,,,自发,,低,—,"学生自己提出""要不要建表"";字段由 AI 供给(见R9 AI回复),字段内容记引导"
10,E008,交互轮,微信真实起点,2 资料/文献,source = 我实际打开过的网页或视频。,这样能避免把AI提过但你没看过的材料混进去。,,,,,,,,,,引导·AI提示,R9,高,—,AI 给出 source/why opened/can show/cannot show 四字段 ｜ 套版填写(证据卡/资源表骨架源自R9 AI)
11,E008,内部批注,微信真实起点,2 资料/文献,why opened = 我是因为哪个词、链接、推荐或疑问打开它。,这个字段会让查找路径可追踪。,,,,,,,,,,引导·AI提示,R9,高,—,"同上,字段复述 ｜ 套版填写(证据卡/资源表骨架源自R9 AI)"
12,E008,内部批注,微信真实起点,2 资料/文献,can show = 这条材料最多能证明什么。,对，最多能证明什么，而不是你希望它证明什么。,,,,,,,,,,引导·AI提示,R9,高,—,"同上,字段复述 ｜ 套版填写(证据卡/资源表骨架源自R9 AI)"
13,E008,内部批注,微信真实起点,2 资料/文献,cannot show = 它不能证明什么，尤其不能证明什么大结论。,这个字段会防止后面过度概括。,,,,,,,,,,引导·AI提示,R9,高,—,"同上,字段复述 ｜ 套版填写(证据卡/资源表骨架源自R9 AI)"
14,E009,内部批注,微信真实起点,2 资料/文献,我先把公众号状态写成 candidate -> opened -> audited -> downgraded to origin。,可以。状态路径比简单写“有用/没用”更清楚。,,,,,,,,,,自发,,低,—,
15,E009,内部批注,微信真实起点,2 资料/文献,"decision：retain in process log, exclude from body evidence unless explaining research origin。",这个决定合理。,,,,,,,,,,自发,,低,—,
16,E009,内部批注,微信真实起点,2 资料/文献,"not used for：not used for NASA's exact claim, not used for China-alone data, not used for sustainability conclusion。",这三个 not used for 很关键。,,,,,,,,,,自发,,低,—,
17,E010,内部批注,微信真实起点,2 资料/文献,我在source log里写：This source triggered my question but did not function as evidence in the final argument。,很好。,,,,,,,,,,自发,,低,—,
18,E011,交互轮,微信真实起点,2 资料/文献,我先搜中文：美航局 卫星 地球变绿 印度 中国。,可以，先从真实语言入口开始。,SIFT · Investigate,学生执行,高,自行决定先用中文检索,,,,,,自发,,低,—,自行决定先用中文检索
19,E011,内部批注,微信真实起点,2 资料/文献,搜索结果里有很多中文转载，标题相似，我没有把它们当独立证据。,对。相似转载不是独立证据。,SIFT · Investigate,学生执行,高,「我没有把它们当独立证据」是学生的判断,,,,,,自发,,低,—,"源表未记录触发来源(5.1要件缺失),按3.2保守记引导"
20,E011,内部批注,微信真实起点,2 资料/文献,我写失败搜索价值：它说明这个说法有传播链，但没有确认原始研究。,这个失败搜索有价值。,,,,,,,,,,自发,,低,—,
21,E011,内部批注,微信真实起点,2 资料/文献,我把下一步改成英文：NASA China India greening Earth satellite。,这个搜索词更接近原文语言。,SIFT · Find,学生执行,高,中文转载不足后自行改英文检索词,,,,,,引导后自发接续,R19-R20,中,—,中文转载不足后自行改英文检索词——超出 AI 要求的自发调整
22,E011,内部批注,微信真实起点,2 资料/文献,我不是让AI给我NASA链接，而是自己用公众号里的线索搜。,这点可以留在AI use statement后面再写，不用现在展开。,SIFT · Find,学生执行,中,学生发言中含动作或判断,,,,,,自发,,低,—,"源表未记录触发来源(5.1要件缺失),按3.2保守记引导"
23,E012,交互轮,微信真实起点,2 资料/文献,我现在准备打开nasa.gov结果。,打开后记录URL和打开理由。,SIFT · Find,AI示范,高,AI 给出「打开后记录 URL 和打开理由」,,,,,,自发,,低,—,透镜标签不构成引导（v3 修订）
24,E012,内部批注,微信真实起点,2 资料/文献,我先提醒自己：公众号是起点，不是正文证据。,这条提醒保留。,,,,,,,,,,自发,,低,—,
25,E013,交互轮,微信真实起点,2 资料/文献,下一步就是看NASA页面是不是原站页面，不是转载。,对，先确认站内页面和页面身份。,,,,,,,,,,自发,,低,—,
26,E014,交互轮,NASA页面,2 资料/文献,"我在NASA里面搜索几个关键词greening, China, India, 我发现一个链接在NASA页面：https://www.nasa.gov/centers-and-facilities/ames/human-activity-in-china-and-india-dominates-the-greening-of-earth-nasa-study-shows/。",先看页面身份和标题，不要急着摘结论。,SIFT · Find,学生执行,高,自己在 NASA 站内检索并打开,,,,,,自发,,低,—,自己在 NASA 站内检索并打开
27,E015,交互轮,NASA页面,2 资料/文献,打开理由：域名是nasa.gov，标题含Human Activity、China and India、Greening of Earth，和公众号线索完全对应。,这个打开理由非常具体。,,,,,,,,,,引导·AI提示,R26,中,—,
28,E015,内部批注,NASA页面,2 资料/文献,我先检查页面是不是NASA站内页面，不是转载。,很好。URL和页面标识都要看。,,,,,,,,,,引导·AI提示,R26,中,—,
29,E015,内部批注,NASA页面,2 资料/文献,我注意到路径里有ames，所以我记录NASA Ames，不直接写NASA总部声明。,准确。,,,,,,,,,,引导·AI提示,R26,中,—,
30,E015,内部批注,NASA页面,2 资料/文献,我先看metadata：机构、作者、日期、页面类型。,这个顺序专业。,,,,,,,,,,引导·AI提示,R26,中,—,
31,E016,交互轮,NASA页面,2 资料/文献,机构：NASA Ames；作者：Abby Tabor；发布日期：2019年2月11日；后来更新过。,记录清楚。,,,,,,,,,,自发,,低,—,
32,E016,内部批注,NASA页面,2 资料/文献,页面类型我写：institutional research news / public summary。,对。它不是同行评议论文。,,,,,,,,,,自发,,低,—,
33,E016,内部批注,NASA页面,2 资料/文献,"我给NASA的source hierarchy写：high institutional authority, secondary to linked peer-reviewed paper for precise data。",非常好。,,,,,,,,,,自发,,低,—,
34,E017,交互轮,NASA页面,2 资料/文献,"我先读标题是Human Activity in China and India Dominates the Greening of Earth, NASA Study Shows。",注意标题里有China and India和study shows。,主张追问,学生执行,中,学生发言中含动作或判断,,,,,,自发,,低,—,透镜标签不构成引导（v3 修订）
35,E017,内部批注,NASA页面,2 资料/文献,我把dominates标为强动词，决定正文慎用。,合理。标题动词常有传播语气。,,,,,,,,,,自发,,低,采纳(无理由),
36,E018,交互轮,NASA页面,2 资料/文献,我把study shows标为提示：这背后应该有研究论文。,对。继续找论文。,,,,,,,,,,自发,,低,—,
37,E018,内部批注,NASA页面,2 资料/文献,我第一遍读正文只圈关键词：human activity、China and India、greening、satellite、study。,第一遍抓结构，很好。,,,,,,,,,,自发,,低,—,
38,E018,内部批注,NASA页面,2 资料/文献,第二遍我找数字：one-third、9%。,数字进入候选区前要确认对象。,,,,,,,,,,自发,,低,—,
39,E019,交互轮,NASA页面,2 资料/文献,"我看到China and India account for one-third of the greening, but contain only 9% of the planet's land area covered in vegetation。",可以作为候选，但必须写combined。,,,,,,,,,,自发,,低,—,
40,E019,内部批注,NASA页面,2 资料/文献,"我在one-third旁边写combined: China + India, not China alone。",非常关键。,,,,,,,,,,自发,,低,—,
41,E019,内部批注,NASA页面,2 资料/文献,"我在9%旁边写vegetated land, not total land, not sustainability。",很好。,,,,,,,,,,自发,,低,—,
42,E019,内部批注,NASA页面,2 资料/文献,我写NASA candidate evidence：中印合计变绿贡献突出。,准确。,,,,,,,,,,自发,,低,—,
43,E019,内部批注,NASA页面,2 资料/文献,我写NASA not used for：不能证明中国单独贡献；不能证明排放下降；不能证明整体可持续。,很好。,,,,,,,,,,自发,,低,—,
44,E019,内部批注,NASA页面,2 资料/文献,我停了一下，专门检查：如果只引用NASA，会有什么漏洞？,这是很好的审计问题。,,,,,,,,,,自发,,低,—,
45,E019,内部批注,NASA页面,2 资料/文献,漏洞1：中印合计不能回答China alone。,对。,,,,,,,,,,自发,,低,—,
46,E019,内部批注,NASA页面,2 资料/文献,漏洞2：NASA页面是新闻稿，不是原论文。,对。,,,,,,,,,,自发,,低,—,
47,E019,内部批注,NASA页面,2 资料/文献,漏洞3：greening不等于sustainable。,对。,,,,,,,,,,自发,,低,—,
48,E020,内部批注,NASA页面,2 资料/文献,所以我把NASA状态改成audited / bridge source，而不是core evidence。,这个降级判断很专业。,SIFT · Trace,学生执行,高,「把 NASA 状态改成 bridge source」是学生的降级判断,,,,,,自发,,低,—,透镜标签不构成引导（v3 修订）
49,E021,内部批注,NASA页面,2 资料/文献,我在NASA页面底部找论文链接，这个文章发表在Nature期刊里面的子期刊 Nature Sustainability。,这就是追源链。,SIFT · Trace,学生执行,中,学生发言中含动作或判断,,,,,,自发,,低,—,透镜标签不构成引导（v3 修订）
50,E022,内部批注,NASA页面,2 资料/文献,"证据卡NASA-1我先记来源：NASA Ames public summary, author Abby Tabor, published 2019-02-11, updated later",先确认这是谁说的、是什么类型的材料。,,,,,,,,,,自发,,高,—,套版填写(证据卡/资源表骨架源自R9 AI)
51,E022,内部批注,NASA页面,2 资料/文献,这张卡里我真正拿到的事实是：China and India together account for about one-third of greening while having 9% vegetated land,事实要保留指标、对象和时间范围。,,,,,,,,,,自发,,高,—,套版填写(证据卡/资源表骨架源自R9 AI)
52,E022,内部批注,NASA页面,2 资料/文献,我准备用它说明一个比较小的判断：human activity in China and India is strongly associated with global greening in the summarized study,这个判断要比事实高一层，但不能比事实大太多。,,,,,,,,,,自发,,高,—,套版填写(证据卡/资源表骨架源自R9 AI)
53,E022,内部批注,NASA页面,2 资料/文献,中间的理由我这样写：a high greening contribution relative to vegetated land suggests notable land-surface change,这一步就是把事实和观点接起来，很关键。,,,,,,,,,,自发,,高,—,套版填写(证据卡/资源表骨架源自R9 AI)
54,E022,内部批注,NASA页面,2 资料/文献,"我在旁边提醒自己：combined China and India, not China alone",保留这个限制，后面可以防止过度结论。,,,,,,,,,,自发,,高,—,套版填写(证据卡/资源表骨架源自R9 AI)
55,E022,内部批注,NASA页面,2 资料/文献,"我在旁边提醒自己：greening / vegetated land, not overall sustainability",保留这个限制，后面可以防止过度结论。,,,,,,,,,,自发,,高,—,套版填写(证据卡/资源表骨架源自R9 AI)
56,E022,内部批注,NASA页面,2 资料/文献,"我在旁边提醒自己：public summary, secondary to linked peer-reviewed study",保留这个限制，后面可以防止过度结论。,,,,,,,,,,自发,,高,—,套版填写(证据卡/资源表骨架源自R9 AI)
57,E022,内部批注,NASA页面,2 资料/文献,"这张卡最后大概放在：source log and possible one-sentence background, not main data paragraph",位置清楚，正文才不会变成资料堆叠。,,,,,,,,,,自发,,高,—,套版填写(证据卡/资源表骨架源自R9 AI)
58,E023,内部批注,Nature论文链,2 资料/文献,NASA页面底部提到Nature Sustainability论文。我打开：https://www.nature.com/articles/s41893-019-0220-7。,现在进入论文页，重点是找具体数字和测量口径，不是只引用期刊名。,SIFT · Trace,学生执行·AI先示范,高,学生自行打开 Nature；AI 同轮给出「重点是找具体数字和测量口径」,,,,,,自发,,低,—,透镜标签不构成引导（v3 修订）
59,E023,内部批注,Nature论文链,2 资料/文献,打开理由：NASA新闻稿需要追到peer-reviewed source。,准确。,,,,,,,,,,自发,,低,—,
60,E023,内部批注,Nature论文链,2 资料/文献,我现在需要在论文中搜索中国contributes，因为我要找贡献比例。,很好。关键词从国家缩小到关系动词。,,,,,,,,,,自发,,低,—,
61,E023,内部批注,Nature论文链,2 资料/文献,我再查25，确认它和China在同一句或同一段。,这能避免错配数字。,,,,,,,,,,自发,,低,—,
62,E023,内部批注,Nature论文链,2 资料/文献,我再查6.6，确认它指global vegetated area。,很好。,,,,,,,,,,自发,,低,—,
63,E024,内部批注,Nature论文链,2 资料/文献,"我找到China contributes 25% of global net increase in leaf area, with 6.6% of global vegetated area。",这是核心中国单独数据。,,,,,,,,,,自发,,低,—,
64,E024,内部批注,Nature论文链,2 资料/文献,我把原句放入candidate quote区，但标注paraphrase later。,很好。候选摘录和最终转述要分开。,,,,,,,,,,自发,,低,—,
65,E024,内部批注,Nature论文链,2 资料/文献,我把句子拆成actor = China。,继续。,,,,,,,,,,自发,,低,—,
66,E024,内部批注,Nature论文链,2 资料/文献,measure = global net increase in leaf area。,继续。,,,,,,,,,,自发,,低,—,
67,E024,内部批注,Nature论文链,2 资料/文献,comparison = 25% contribution vs 6.6% vegetated area。,这就是数字的论证核心。,,,,,,,,,,自发,,低,—,
68,E024,内部批注,Nature论文链,2 资料/文献,我检查net increase，不把它写成total leaf area。,非常重要。net increase不是总量。,,,,,,,,,,自发,,低,—,
69,E024,内部批注,Nature论文链,2 资料/文献,我检查global，不把它写成中国国内叶面积增加。,对。global支持题目里的Earth。,,,,,,,,,,自发,,低,—,
70,E024,内部批注,Nature论文链,2 资料/文献,我检查leaf area，不把它写成forest area。,很好。leaf area比forest area范围更广。,,,,,,,,,,自发,,低,—,
71,E024,内部批注,Nature论文链,2 资料/文献,我检查vegetated area，不把它写成land area。,准确。,,,,,,,,,,自发,,低,—,
72,E024,内部批注,Nature论文链,2 资料/文献,我把转述写成：The study reports that China's share of the global net leaf-area increase was much larger than its share of global vegetated area。,这是合格转述。,,,,,,,,,,自发,,低,—,
73,E024,内部批注,Nature论文链,2 资料/文献,我再把数字加回去：25% versus 6.6%。,可以。数字必须和指标一起出现。,数据三问,学生执行,中,学生发言中含动作或判断,,,,,,自发,,低,—,"源表未记录触发来源(5.1要件缺失),按3.2保守记引导"
74,E024,内部批注,Nature论文链,2 资料/文献,"这个数据很重要因为它可以回答题目里面的“make”,说中国contributes to global net increase，不只是中国自己变绿。",准确。,,,,,,,,,,自发,,低,—,
75,E024,内部批注,Nature论文链,2 资料/文献,但是不能直接回答题目的sustainable：因为leaf-area increase不等于biodiversity、carbon neutrality、pollution reduction或human wellbeing。,非常好。,,,,,,,,,,自发,,低,—,
76,E024,内部批注,Nature论文链,2 资料/文献,我还注意到论文提forests and croplands，所以不能把变绿都写成自然森林恢复。,对。,,,,,,,,,,自发,,低,—,
77,E024,内部批注,Nature论文链,2 资料/文献,"我把croplands写进limit：some greening may reflect managed croplands, so ecological quality is not guaranteed。",很好。,,,,,,,,,,自发,,低,—,
78,E025,内部批注,Nature论文链,2 资料/文献,我删掉原草稿句：China restored nature across the world。,删得对。这个句子太大。,To What Degree,学生执行,中,学生发言中含动作或判断,,,,,,自发,,低,—,透镜标签不构成引导（v3 修订）
79,E026,内部批注,Nature论文链,2 资料/文献,我改成：China contributed disproportionately to global net leaf-area increase。,这句更准确。,,,,,,,,,,自发,,低,采纳(无理由),
80,E027,内部批注,Nature论文链,2 资料/文献,我删掉另一个句子：NASA and Nature prove China made the Earth sustainable。,删得对。NASA/Nature证明greening维度，不证明overall sustainability。,,,,,,,,,,自发,,低,—,
81,E028,内部批注,Nature论文链,2 资料/文献,我改成：NASA led me to a Nature Sustainability study that supports a qualified positive claim about greening。,这句适合source log或reflection。,,,,,,,,,,自发,,低,—,
82,E029,内部批注,Nature论文链,2 资料/文献,"证据卡我先记来源：Nature Sustainability article, read through Nature page and  open full text",先确认这是谁说的、是什么类型的材料。,,,,,,,,,,自发,,高,—,套版填写(证据卡/资源表骨架源自R9 AI)
83,E029,内部批注,Nature论文链,2 资料/文献,这张卡里我真正拿到的事实是：China contributes 25% of global net increase in leaf area while having 6.6% of global vegetated area,事实要保留指标、对象和时间范围。,,,,,,,,,,自发,,高,—,套版填写(证据卡/资源表骨架源自R9 AI)
84,E029,内部批注,Nature论文链,2 资料/文献,我准备用它说明一个比较小的判断：China contributed disproportionately to one measurable ecological dimension: global greening,这个判断要比事实高一层，但不能比事实大太多。,,,,,,,,,,自发,,高,—,套版填写(证据卡/资源表骨架源自R9 AI)
85,E029,内部批注,Nature论文链,2 资料/文献,中间的理由我这样写：25% versus 6.6% shows the contribution is large relative to China's share of vegetated land,这一步就是把事实和观点接起来，很关键。,,,,,,,,,,自发,,高,—,套版填写(证据卡/资源表骨架源自R9 AI)
86,E029,内部批注,Nature论文链,2 资料/文献,"需要注意 1：metric is leaf-area net increase, not total ecological health",保留这个限制，后面可以防止过度结论。,,,,,,,,,,自发,,高,—,套版填写(证据卡/资源表骨架源自R9 AI)
87,E029,内部批注,Nature论文链,2 资料/文献,"需要注意 2：some greening may involve croplands, so natural restoration cannot be assumed",保留这个限制，后面可以防止过度结论。,,,,,,,,,,自发,,高,—,套版填写(证据卡/资源表骨架源自R9 AI)
88,E029,内部批注,Nature论文链,2 资料/文献,"需要注意 3：does not prove carbon neutrality, emissions decline, or overall sustainability",保留这个限制，后面可以防止过度结论。,,,,,,,,,,自发,,高,—,套版填写(证据卡/资源表骨架源自R9 AI)
89,E030,交互轮,Nature论文链,2 资料/文献,现在我还需要什么别的证据？,可持续不能只由叶面积决定。或许你可以看看别的方向，比如碳排放数据？,,,,,,,,,,自发,,低,—,"学生主动问""还需要什么别的证据"""
90,E031,交互轮,排放数据链,2 资料/文献,我搜到了China share of global CO2 emissions 2024：https://essd.copernicus.org/articles/17/965/2025/,先打开页面核题名、年份、作者和页面类型。如果它确实是Global Carbon Budget 2024，就适合作为上游数据和方法来源。再看页面是否直接给中国份额；如果没有，可以继续找同一数据链里的可视化入口。,,,,,,,,,,引导·AI提示,R89,中,—,"★ 整条排放线由 AI 提出:「或许你可以看看别的方向,比如碳排放数据?」"
91,E032,交互轮,排放数据链,2 资料/文献,GCB页面很长。我看到它说这是Global Carbon Budget 2024，描述1750到2024的CO2排放和碳预算数据。,记录为Source log：上游数据/方法来源。,,,,,,,,,,引导·AI提示,R90,中,—,
92,E033,交互轮,排放数据链,2 资料/文献,它有fossil CO2 emissions，也有land-use change。我担心我后面会把口径混掉。,把口径栏单独建出来：CO2还是GHG；fossil/industry还是land-use change；annual还是cumulative；territorial还是consumption-based。,,,,,,,,,,引导·AI提示,R91,中,—,★ 机会已供给:AI 提出 territorial/consumption-based 口径
93,E034,交互轮,排放数据链,2 资料/文献,GCB不是很方便直接找中国份额。我又找到Our World in Data（ourworldindata.org）的Annual share of CO2 emissions图表：https://ourworldindata.org/grapher/annual-share-of-co2-emissions?country=~CHN，它的数据源指向Global Carbon Budget数据系列。,图表先看标题、指标和底层来源，不要只抄数字。,数据三问,学生执行,高,「GCB 不便查 → 我又找到 OWID」是学生自行改道,,,,,,引导后自发接续,R90,中,—,GCB 不便查 → 学生自己转向 OWID 并自行追回数据源(超出 AI 指示)
94,E034,内部批注,排放数据链,2 资料/文献,我要找一个和global greening对应的global emissions指标。,非常清楚。,,,,,,,,,,引导后自发接续,R90,中,—,
95,E034,内部批注,排放数据链,2 资料/文献,我没有搜China pollution，因为pollution太宽，可能包括空气、水、塑料等不同问题。,对。CO2 emissions更贴近气候可持续。,,,,,,,,,,引导后自发接续,R90,中,—,
96,E035,内部批注,排放数据链,2 资料/文献,我打开图表后先看标题：annual share of CO2 emissions。,图表标题是口径入口。,,,,,,,,,,自发,,低,—,
97,E035,内部批注,排放数据链,2 资料/文献,我检查国家筛选是China，不是全世界或多个国家混在一起。,很好。,,,,,,,,,,自发,,低,—,
98,E035,内部批注,排放数据链,2 资料/文献,我看2024附近读数，记录为about 31.8%。,图表读数用about合适。,,,,,,,,,,自发,,低,—,
99,E035,内部批注,排放数据链,2 资料/文献,我写metric note：annual share = 当年全球CO2排放份额，不是累计历史责任。,这个口径说明必须保留。,,,,,,,,,,自发,,低,—,AI 已给出四组口径维度(CO2/GHG、fossil/land-use、annual/cumulative、territorial/consumption)
100,E035,内部批注,排放数据链,2 资料/文献,我写scope note：CO2 emissions，不是所有温室气体，不是所有污染。,很好。,,,,,,,,,,自发,,低,—,
101,E036,内部批注,排放数据链,2 资料/文献,我打开OWID China profile：https://ourworldindata.org/profile/co2/china。,这个页面帮助你看到其他口径。,,,,,,,,,,自发,,低,—,
102,E036,内部批注,排放数据链,2 资料/文献,我扫到可能有per capita和cumulative等口径，但决定不展开。,这个取舍合理。,,,,,,,,,,自发,,低,—,合格排除:per capita / cumulative 明确写了排除理由
103,E036,内部批注,排放数据链,2 资料/文献,我写exclusion reason：per capita and cumulative responsibility are important but beyond the 800-word focus。,很好。,,,,,,,,,,自发,,低,—,合格排除:写出 exclusion reason
104,E037,内部批注,排放数据链,2 资料/文献,我点OWID的数据来源，打开ESSD论文：https://essd.copernicus.org/articles/17/965/2025/。,这是从图表追到数据论文。,SIFT · Trace,学生执行,高,自行从图表回追 ESSD 上游,,,,,,引导后自发接续,R93,中,—,自行从图表回追 ESSD 上游
105,E038,交互轮,排放数据链,2 资料/文献,ESSD页面标题是Global Carbon Budget 2024，发表页面是2025。,注意区分数据年度和发表年份。,,,,,,,,,,自发,,低,—,"仅区分""数据年度 vs 发表年份"";全表无一行涉及变绿数据的 2000–2017 观测窗"
106,E038,内部批注,排放数据链,2 资料/文献,我写data provenance：OWID chart based on Global Carbon Budget / ESSD。,准确。,,,,,,,,,,自发,,低,—,
107,E038,内部批注,排放数据链,2 资料/文献,我不写OWID and ESSD both independently show，因为它们是同一数据链。,很好。,,,,,,,,,,自发,,低,—,
108,E038,内部批注,排放数据链,2 资料/文献,是中国 2024 年占全球 年度 CO₂ 排放的份额31.8%（来自 OWID/GCB 排放数据链）和我们之前搜索到的25%中国对全球 净叶面积增加 的贡献，来自 NASA/Nature 那条 greening 证据链什么关系？,很好的问题。,论证解剖 / warrant,学生执行,高,学生自己提出两个数字的关系问题，论证解剖动作在学生侧,,,,,,自发,,低,—,"源表未记录触发来源(5.1要件缺失),按3.2保守记引导"
109,E038,内部批注,排放数据链,2 资料/文献,我的回答：不是反驳事实，而是限制推论；两者可以同时为真。,非常好。,,,,,,,,,,自发,,低,—,
110,E038,内部批注,排放数据链,2 资料/文献,A country can contribute to greening and still be a major current emitter。,这句是论证整合。,,,,,,,,,,自发,,低,—,
111,E039,内部批注,排放数据链,2 资料/文献,我删掉句子：China's emissions prove it did not help the Earth at all。,删得对。它无视正面greening证据。,,,,,,,,,,自发,,低,—,
112,E040,内部批注,排放数据链,2 资料/文献,我改成：China's current emissions limit how far the greening evidence can support a sustainability claim。,很好。,,,,,,,,,,自发,,低,—,
113,E041,内部批注,排放数据链,2 资料/文献,"证据卡OWID/GCB-1我先记来源：OWID annual-share chart, with Global Carbon Budget / ESSD as underlying data chain",先确认这是谁说的、是什么类型的材料。,,,,,,,,,,自发,,高,—,套版填写(证据卡/资源表骨架源自R9 AI)
114,E041,内部批注,排放数据链,2 资料/文献,这张卡里我真正拿到的事实是：China about 31.8% of global CO2 emissions in 2024,事实要保留指标、对象和时间范围。,,,,,,,,,,自发,,高,—,套版填写(证据卡/资源表骨架源自R9 AI)
115,E041,内部批注,排放数据链,2 资料/文献,"我准备用它说明一个比较小的判断：China remains a major current emitter, limiting a full sustainability claim",这个判断要比事实高一层，但不能比事实大太多。,,,,,,,,,,自发,,高,—,套版填写(证据卡/资源表骨架源自R9 AI)
116,E041,内部批注,排放数据链,2 资料/文献,"中间的理由我这样写：if climate stability is part of sustainability, annual CO2 share matters when judging planetary impact",这一步就是把事实和观点接起来，很关键。,,,,,,,,,,自发,,高,—,套版填写(证据卡/资源表骨架源自R9 AI)
117,E041,内部批注,排放数据链,2 资料/文献,"注意：annual share, not cumulative historical responsibility",保留这个限制，后面可以防止过度结论。,,,,,,,,,,自发,,高,—,套版填写(证据卡/资源表骨架源自R9 AI)
118,E041,内部批注,排放数据链,2 资料/文献,"注意：CO2, not all greenhouse gases or all pollution",保留这个限制，后面可以防止过度结论。,,,,,,,,,,自发,,高,—,套版填写(证据卡/资源表骨架源自R9 AI)
119,E041,内部批注,排放数据链,2 资料/文献,注意：does not erase greening evidence; it limits the conclusion,保留这个限制，后面可以防止过度结论。,,,,,,,,,,自发,,高,—,套版填写(证据卡/资源表骨架源自R9 AI)
120,E041,内部批注,排放数据链,2 资料/文献,这张卡最后大概放在：body paragraph 2 as core limiting evidence,位置清楚，正文才不会变成资料堆叠。,,,,,,,,,,自发,,高,—,套版填写(证据卡/资源表骨架源自R9 AI)
121,E041,内部批注,排放数据链,2 资料/文献,我想找最新趋势，但不想让趋势和年度份额混掉。,对。趋势和份额是不同指标。,,,,,,,,,,自发,,低,—,
122,E042,内部批注,排放数据链,2 资料/文献,我搜China CO2 emissions 2025 decline IEA。,搜索词有国家、指标、年份和机构。,数据三问,学生执行,中,学生发言中含动作或判断,,,,,,自发,,低,—,透镜标签不构成引导（v3 修订）
123,E043,交互轮,排放数据链,2 资料/文献,我打开IEA页面：https://www.iea.org/reports/global-energy-review-2026/co2-emissions。,记录为IEA报告页面。,,,,,,,,,,自发,,低,—,
124,E043,内部批注,排放数据链,2 资料/文献,我先看标题CO2 emissions和报告系列Global Energy Review 2026。,很好。,,,,,,,,,,自发,,低,—,
125,E043,内部批注,排放数据链,2 资料/文献,我写source type：international energy agency trend report page。,准确。,,,,,,,,,,自发,,低,—,
126,E043,内部批注,排放数据链,2 资料/文献,我检查口径：energy-related CO2。,这个口径必须写。,,,,,,,,,,自发,,低,—,
127,E043,内部批注,排放数据链,2 资料/文献,我读到中国2025 energy-related CO2可能下降约0.5%。,把它作为趋势补充。,,,,,,,,,,自发,,低,—,
128,E043,内部批注,排放数据链,2 资料/文献,我第一反应想写这说明中国转型成功，但我觉得太快了。,这个自我刹车很重要。,,,,,,,,,,自发,,低,—,
129,E044,内部批注,排放数据链,2 资料/文献,我删掉句子：China has solved emissions because CO2 fell 0.5%。,删得对。,,,,,,,,,,自发,,低,—,
130,E045,内部批注,排放数据链,2 资料/文献,我改成：A small recent decline in energy-related CO2 is encouraging but too narrow to erase China's large annual share。,这句很稳。,,,,,,,,,,自发,,低,—,
131,E046,交互轮,排放数据链,2 资料/文献,我把IEA放在OWID后面，不放段首。,合理。段首先放主限制证据，IEA做nuance。,,,,,,,,,,自发,,低,—,
132,E047,内部批注,排放数据链,2 资料/文献,证据卡IEA-1我先记来源：IEA Global Energy Review 2026 CO2 emissions page,先确认这是谁说的、是什么类型的材料。,,,,,,,,,,自发,,高,—,套版填写(证据卡/资源表骨架源自R9 AI)
133,E047,内部批注,排放数据链,2 资料/文献,这张卡里我真正拿到的事实是：2025 China energy-related CO2 slight decline of about 0.5%,事实要保留指标、对象和时间范围。,,,,,,,,,,自发,,高,—,套版填写(证据卡/资源表骨架源自R9 AI)
134,E047,内部批注,排放数据链,2 资料/文献,我准备用它说明一个比较小的判断：recent trend may be improving but does not reverse the emissions-scale limitation,这个判断要比事实高一层，但不能比事实大太多。,,,,,,,,,,自发,,高,—,套版填写(证据卡/资源表骨架源自R9 AI)
135,E047,内部批注,排放数据链,2 资料/文献,中间的理由我这样写：short-term decline can nuance a claim but cannot substitute for annual global share,这一步就是把事实和观点接起来，很关键。,,,,,,,,,,自发,,高,—,套版填写(证据卡/资源表骨架源自R9 AI)
136,E047,内部批注,排放数据链,2 资料/文献,我在旁边提醒自己：energy-related CO2 only,保留这个限制，后面可以防止过度结论。,,,,,,,,,,自发,,高,—,套版填写(证据卡/资源表骨架源自R9 AI)
137,E047,内部批注,排放数据链,2 资料/文献,"我在旁边提醒自己：short-term trend, not long-term proof",保留这个限制，后面可以防止过度结论。,,,,,,,,,,自发,,高,—,套版填写(证据卡/资源表骨架源自R9 AI)
138,E047,内部批注,排放数据链,2 资料/文献,我在旁边提醒自己：not directly comparable with 2024 global annual share,保留这个限制，后面可以防止过度结论。,,,,,,,,,,自发,,高,—,套版填写(证据卡/资源表骨架源自R9 AI)
139,E047,内部批注,排放数据链,2 资料/文献,这张卡最后大概放在：body paragraph 2 as nuance after OWID/GCB,位置清楚，正文才不会变成资料堆叠。,,,,,,,,,,自发,,高,—,套版填写(证据卡/资源表骨架源自R9 AI)
140,E048,交互轮,排放数据链,2 资料/文献,我在数据兼容性检查表里写：Nature vs OWID/GCB = leaf-area net increase and CO2 annual share are different dimensions,对。不能互相取消，只能共同限定结论。,数据三问,学生执行,中,学生发言中含动作或判断,,,,,,自发,,低,—,透镜标签不构成引导（v3 修订）
141,E049,内部批注,排放数据链,2 资料/文献,我在数据兼容性检查表里写：OWID/GCB vs IEA = 2024 global annual share and 2025 energy-related trend are different metrics,很好。,,,,,,,,,,自发,,低,—,
142,E050,内部批注,排放数据链,2 资料/文献,我在数据兼容性检查表里写：World Bank vs OWID/GCB = migration risk and emissions share address different parts of sustainability,准确。,,,,,,,,,,自发,,低,—,
143,E051,内部批注,排放数据链,2 资料/文献,我在数据兼容性检查表里写：MEE vs Nature/OWID = policy text and outcome indicators have different evidentiary functions,很好。,,,,,,,,,,自发,,低,—,
144,E052,内部批注,排放数据链,2 资料/文献,我在数据兼容性检查表里写：co2science vs Nature = plant mechanism and satellite greening evidence are related but not identical,准确。,,,,,,,,,,自发,,低,—,
145,E053,交互轮,视频与World Bank,2 资料/文献,老师要求至少两种媒介。我需要视频，但视频不能替代数据。,对。先确定视频的证据功能。,,,,,,,,,,引导·任务要求,教师任务说明,中,—,
146,E054,内部批注,视频与World Bank,2 资料/文献,我在Youtube 上面搜索关键词：global warming,搜索词比climate change video更具体。,,,,,,,,,,引导·任务要求,,中,—,老师要求至少两种媒介
147,E055,交互轮,视频与World Bank,2 资料/文献,我找到The Economist的YouTube视频：https://www.youtube.com/watch?v=uynhvHZUOOo，标题What does three degrees of global warming look like?,我不能替你看视频。你自己看，先记人物、地点、场景，不写直接引语。,,,,,,,,,,自发,,低,—,
148,E056,交互轮,视频与World Bank,2 资料/文献,你能不能帮我总结视频。,我不能直接观看视频、听音频或核对字幕。你需要自己看完并告诉我观看笔记。,,,,,,,,,,自发,,低,—,"★ 红线事件:请求 AI 代看视频(AI 拒绝) ｜ 红线事件·AI代看视频:AI 拒绝 → R149-R150 学生自看,边界修复"
149,E057,交互轮,视频与World Bank,2 资料/文献,我第一遍看，只记人物和地点，结论。,很好。先做低推论笔记。,,,,,,,,,,引导·AI提示,R148,中,—,
150,E058,交互轮,视频与World Bank,2 资料/文献,我第二遍看，给人物加功能标签：孟加拉迁移者 = migration；危地马拉农民 = farming stress；斐济村长 = island/community vulnerability。,可以。没有逐字字幕时，不要写直接引语。,,,,,,,,,,自发,,低,—,
151,E058,内部批注,视频与World Bank,2 资料/文献,先查维基百科：https://en.wikipedia.org/wiki/The_Economist。,维基百科在这里是媒体背景，不是气候事实核心来源。,,,,,,,,,,自发,,低,—,
152,E059,交互轮,视频与World Bank,2 资料/文献,我记录The Economist创办于1843年，是国际性新闻和商业周刊，文章常匿名。,可以放source evaluation，不必进正文。,CRAAP,学生执行,中,学生发言中含动作或判断,,,,,,自发,,低,—,透镜标签不构成引导（v3 修订）
153,E059,内部批注,视频与World Bank,2 资料/文献,我做CRAAP：Currency = 相关；Relevance = climate impacts；Authority = major media but not peer-reviewed；Purpose = public explanation。,平衡。,,,,,,,,,,自发,,低,—,
154,E059,内部批注,视频与World Bank,2 资料/文献,Accuracy我写：视频有编辑叙事，所以关键背景数字要找机构来源补强。,很好。,,,,,,,,,,自发,,低,—,
155,E059,内部批注,视频与World Bank,2 资料/文献,我选择孟加拉个案继续追，因为迁移数字更容易找机构来源。,这是基于可验证性的选择。,,,,,,,,,,自发,,低,—,
156,E060,内部批注,视频与World Bank,2 资料/文献,我搜World Bank Bangladesh climate migrants 2050。,地点、机构、现象、时间都有了。,,,,,,,,,,引导后自发接续,R152-R155,中,—,自行选孟加拉个案并搜 World Bank——选择理由由学生给出(可验证性)
157,E061,内部批注,视频与World Bank,2 资料/文献,我打开World Bank页面：https://www.worldbank.org/en/news/feature/2022/10/31/key-highlights-country-climate-and-development-report-for-bangladesh。,这类预测数字要小心对象、时间和“may/internal”这些词。,数据三问,学生执行,中,学生发言中含动作或判断,,,,,,自发,,低,—,透镜标签不构成引导（v3 修订）
158,E061,内部批注,视频与World Bank,2 资料/文献,打开理由：The Economist视频给出孟加拉迁移线索，我想找机构数据来支撑背景。,很好。,,,,,,,,,,自发,,低,—,
159,E061,内部批注,视频与World Bank,2 资料/文献,页面说13.3 million people may become internal migrants in next 30 years due to climate impacts。,保留限定词。,,,,,,,,,,自发,,低,—,
160,E061,内部批注,视频与World Bank,2 资料/文献,我标出may become，说明这是预测风险。,对。,,,,,,,,,,自发,,低,—,
161,E061,内部批注,视频与World Bank,2 资料/文献,我标出internal migrants，说明不是跨国refugees。,非常重要。,,,,,,,,,,自发,,低,—,
162,E061,内部批注,视频与World Bank,2 资料/文献,我标出next 30 years，说明不是当年发生数字。,对。,,,,,,,,,,自发,,低,—,
163,E062,内部批注,视频与World Bank,2 资料/文献,我删掉句子：13.3 million Bangladeshis are already climate refugees。,删得对，错误太多。,数据三问,学生执行,中,学生发言中含动作或判断,,,,,,自发,,低,—,透镜标签不构成引导（v3 修订）
164,E063,内部批注,视频与World Bank,2 资料/文献,我改成：World Bank highlights a risk that 13.3 million people in Bangladesh may become internal migrants over the next 30 years due to climate impacts。,这版准确。,,,,,,,,,,自发,,低,—,
165,E064,交互轮,视频与World Bank,2 资料/文献,我怎么感觉现在有点跑题了，这些这和我的题目有什么关系？,你问得对。这个材料不能当中国归因证据，不能写成“中国导致孟加拉迁移”。它只能放在一个更窄的位置：说明为什么 sustainability 不能只看 greening，还要看 climate impacts。如果你用它证明“中国造成了什么”，就是跑题；如果你用它解释“为什么 CO₂ 排放会影响我对 Earth sustainability 的判断”，就不跑题。真正连接中国的是前面的 OWID/GCB：China about 31.8% annual global CO₂ share in 2024。视频和 World Bank 只是说明这个排放维度为什么重要。,,,,,,,,,,自发,,低,—,
166,E065,交互轮,视频与World Bank,2 资料/文献,如果我要把他写在文章里面呢，它在文章里的功能是什么？,它是 impact-side context，不是 China-specific evidence。你的核心链条应该是：China greening evidence 很强，但 China current CO₂ share 也很大；而气候影响材料说明排放不是抽象数字，会影响迁移、农业和社区安全。因此 greening 不能直接推出 overall planetary sustainability。,,,,,,,,,,引导·AI提示,R165,中,—,★ P3 的完整功能定位(impact-side context / 不做中国归因)由 AI 整段给出
167,E065,内部批注,视频与World Bank,2 资料/文献,我决定正文只提一嘴孟加拉，不写危地马拉和斐济，因为800词不够。,合理。,,,,,,,,,,引导·AI提示,R165,中,—,
168,E065,内部批注,视频与World Bank,2 资料/文献,我把危地马拉和斐济保留在视频观看笔记，不进正文。,很好。,,,,,,,,,,引导·AI提示,R165,中,—,
169,E066,内部批注,视频与World Bank,2 资料/文献,证据卡Video/WorldBank-1我先记来源：The Economist YouTube video plus World Bank Bangladesh climate migration page,先确认这是谁说的、是什么类型的材料。,,,,,,,,,,自发,,高,—,套版填写(证据卡/资源表骨架源自R9 AI)
170,E066,内部批注,视频与World Bank,2 资料/文献,这张卡里我真正拿到的事实是：video cases of climate impacts; World Bank risk of 13.3 million internal migrants in Bangladesh in next 30 years,事实要保留指标、对象和时间范围。,,,,,,,,,,自发,,高,—,套版填写(证据卡/资源表骨架源自R9 AI)
171,E066,内部批注,视频与World Bank,2 资料/文献,"我准备用它说明一个比较小的判断：sustainability should include human vulnerability, not only vegetation metrics",这个判断要比事实高一层，但不能比事实大太多。,,,,,,,,,,自发,,高,—,套版填写(证据卡/资源表骨架源自R9 AI)
172,E066,内部批注,视频与World Bank,2 资料/文献,"中间的理由我这样写：if climate impacts can displace people, planetary sustainability must be evaluated through human consequences as well as ecological indicators",这一步就是把事实和观点接起来，很关键。,,,,,,,,,,自发,,高,—,套版填写(证据卡/资源表骨架源自R9 AI)
173,E066,内部批注,视频与World Bank,2 资料/文献,"我在旁边提醒自己：video is illustrative, not peer-reviewed scientific proof",保留这个限制，后面可以防止过度结论。,,,,,,,,,,自发,,高,—,套版填写(证据卡/资源表骨架源自R9 AI)
174,E066,内部批注,视频与World Bank,2 资料/文献,"我在旁边提醒自己：World Bank figure is projected risk, not already occurred migration",保留这个限制，后面可以防止过度结论。,,,,,,,,,,自发,,高,—,套版填写(证据卡/资源表骨架源自R9 AI)
175,E066,内部批注,视频与World Bank,2 资料/文献,我在旁边提醒自己：Bangladesh case is not China-specific causation evidence,保留这个限制，后面可以防止过度结论。,,,,,,,,,,自发,,高,—,套版填写(证据卡/资源表骨架源自R9 AI)
176,E066,内部批注,视频与World Bank,2 资料/文献,这张卡最后大概放在：body paragraph 3 as contextual human-impact evidence,位置清楚，正文才不会变成资料堆叠。,,,,,,,,,,自发,,高,—,套版填写(证据卡/资源表骨架源自R9 AI)
177,E067,内部批注,研究问题形成,3 方法/RQ结构,现在我回看前面的材料：公众号和NASA让我看到greening这条线；Nature让我看到中国单独的leaf-area数字；OWID/GCB让我看到emissions；The Economist和World Bank让我看到climate impacts。,对。到这一步，题目才自然地从一个朴素问题变成多维判断。,,,,,,,,,,自发,,低,—,
178,E068,交互轮,研究问题形成,3 方法/RQ结构,所以我现在才觉得可以把原题改写得更精确一点。,可以。现在不是凭空设计，而是根据已经查到的证据维度来改写。,,,,,,,,,,自发,,低,—,
179,E069,内部批注,研究问题形成,3 方法/RQ结构,"我现在写正式版本：To what extent has China contributed to planetary sustainability, if sustainability is measured by greening, emissions, and climate impacts?",这个出现时机就自然了。greening、emissions和climate impacts不是一开始想出来的，而是被材料一步步推出来的。,,,,,,,,,,自发,,低,—,正式 RQ 由学生在材料后写出
180,E070,交互轮,研究问题形成,3 方法/RQ结构,我回头拆题目里的make：现在我觉得它不是“是不是中国一个国家让地球变好”，而是causal contribution，也就是中国在可观察指标里贡献到什么程度。,很好。这个理解来自你发现中印合计、中国单独数字和全球排放口径之间的差别。,,,,,,,,,,自发,,低,—,
181,E070,内部批注,研究问题形成,3 方法/RQ结构,我回头拆Earth：它应该是global scale，不是中国城市绿化，也不是只看中国官方政策。,准确。你已经找了全球叶面积、全球CO2份额和孟加拉气候影响背景。,,,,,,,,,,自发,,低,—,
182,E070,内部批注,研究问题形成,3 方法/RQ结构,我回头拆more sustainable：它不能只等于green-looking，至少要同时看greening、emissions和human vulnerability。,这就是概念从材料中长出来，而不是提前套进去。,,,,,,,,,,自发,,低,—,
183,E070,内部批注,研究问题形成,3 方法/RQ结构,我现在才把问题拆成几个小问题：第一，全球变绿这件事到底有没有比较硬的证据？,对应你已经追到的Nature正面证据。,,,,,,,,,,自发,,低,—,
184,E070,内部批注,研究问题形成,3 方法/RQ结构,第二，中国自己的贡献是多少？还是我只能说中印合计？,这个问题来自你发现NASA标题和数据里有China and India。,,,,,,,,,,自发,,低,—,
185,E070,内部批注,研究问题形成,3 方法/RQ结构,第三，变绿能不能直接等于更可持续？,这是从Nature限制、OWID排放和视频影响之间形成的概念边界。,,,,,,,,,,自发,,低,—,
186,E070,内部批注,研究问题形成,3 方法/RQ结构,第四，中国CO2排放规模会怎样限制我的结论？,对应你自己搜索China share of global CO2 emissions 2024后找到的排放线。,,,,,,,,,,自发,,低,—,
187,E070,内部批注,研究问题形成,3 方法/RQ结构,第五，为什么还要看气候影响下的人，而不是只看植被？,对应视频和World Bank背景数字。,,,,,,,,,,自发,,低,—,
188,E070,内部批注,研究问题形成,3 方法/RQ结构,所以我现在决定：这篇文章不能写成简单的是或不是，应该写成“到什么程度成立”。,非常合适。材料结构已经说明这个题更适合回答到什么程度成立。,,,,,,,,,,自发,,低,—,
189,E070,内部批注,研究问题形成,3 方法/RQ结构,我先把可能结论摆在纸上：完全成立、有限成立、现在看不清、基本不成立。,这个时机比一开始设更合理，因为你已经知道会有哪些正负证据。,,,,,,,,,,自发,,低,—,
190,E071,交互轮,研究问题形成,3 方法/RQ结构,完全成立的条件会很高：变绿证据强，而且排放和人的影响都不能明显拖后腿。,这个条件很高，后面要看证据能不能达到。,,,,,,,,,,自发,,低,—,
191,E071,内部批注,研究问题形成,3 方法/RQ结构,有限成立的意思是：某一个维度真的成立，但不能把它扩成整体结论。,这会是一个重要候选结论。,,,,,,,,,,自发,,低,—,
192,E071,内部批注,研究问题形成,3 方法/RQ结构,现在看不清，就是正反证据没法放在同一个秤上比较，或者关键证据不够。,可以。,,,,,,,,,,自发,,低,—,
193,E072,交互轮,研究问题形成,3 方法/RQ结构,基本不成立，就是正面证据撑不起“中国让地球更可持续”这个说法。,可以，但目前不要提前选。,,,,,,,,,,自发,,低,—,
194,E072,内部批注,研究问题形成,3 方法/RQ结构,我先不选边站，只把这几种可能放着，等后面写段落时再看哪一种最符合证据。,现在这样就不假了，因为它是在第一轮证据之后形成的。,,,,,,,,,,自发,,低,—,
195,E073,交互轮,研究问题形成,3 方法/RQ结构,材料多了以后，我不想再凭感觉挑来源，所以把最开始的小表加了几列：为什么点开、拿到什么事实、我准备用它说什么、它哪里不能用、最后放哪一段。,这个升级很自然。材料变复杂后，记录也要跟着变细。,,,,,,,,,,自发,,低,—,
196,E073,内部批注,研究问题形成,3 方法/RQ结构,我还设排除规则：只提供背景但不能改变结论的材料，进source log，不进正文。,对。正文空间有限，过程材料可以保留更多。,,,,,,,,,,自发,,低,—,自设排除规则
197,E074,内部批注,研究问题形成,3 方法/RQ结构,我给每条来源贴个状态标签：只是候选、已经打开、已经核过、摘了数字、准备正文用、降级、排除。,很好。这样每条来源都能看出它后来去了哪里。,,,,,,,,,,自发,,低,—,
198,E074,内部批注,研究问题形成,3 方法/RQ结构,我又给来源贴一个更粗的功能标签：核心证据、背景材料、反方线索、最后不用。,这个分类会让后面写作更清楚。,,,,,,,,,,自发,,低,—,
199,E075,交互轮,研究问题形成,3 方法/RQ结构,我先不追求资料多，而是追求每条材料有功能。,这就是高水平研究和资料堆叠的区别。,,,,,,,,,,自发,,低,—,
200,E075,内部批注,研究问题形成,3 方法/RQ结构,我给自己写了个防跑题提醒：我不是在评价“中国环保好不好”，而是在问它对全球可持续性这个大判断到底贡献了多少。,这能避免只写中国国内环境。,,,,,,,,,,自发,,低,—,
201,E075,内部批注,研究问题形成,3 方法/RQ结构,正面证据这边，我先抓最硬的一条：全球变绿，尤其是净叶面积增加。,这是题目里最直接的正面路径。,,,,,,,,,,自发,,低,—,
202,E075,内部批注,研究问题形成,3 方法/RQ结构,但我旁边又写了一句刹车：如果CO2排放规模还是很大，那“更可持续”就不能说满。,这是气候压力的限制路径。,,,,,,,,,,自发,,低,—,
203,E075,内部批注,研究问题形成,3 方法/RQ结构,我还加了一栏：人受到气候影响的部分也要看，不然这篇文章会只像在看卫星图片。,这能说明为什么sustainability不只是植被。,,,,,,,,,,自发,,低,—,
204,E076,交互轮,研究问题形成,3 方法/RQ结构,中文官方材料可以放进去，但我先把它定位成政策语境，不让它替代结果数据。,政策语境可以补充，但不是结果证明。,,,,,,,,,,自发,,低,—,
205,E076,内部批注,研究问题形成,3 方法/RQ结构,反方我还没有想法，一会我搜好资料确定了我再回来写,反方要限定在它真正能说的范围。,,,,,,,,,,自发,,低,—,
206,E076,内部批注,研究问题形成,3 方法/RQ结构,最后我提醒自己：正文只有800词，材料再多也不能全塞进去。我感觉好多要写的啊，我好担心到时候写不完字数就到了,这个约束决定你必须筛选证据。,,,,,,,,,,自发,,低,—,
207,E077,交互轮,研究问题形成,3 方法/RQ结构,老师还要求两种媒介，所以视频要有，但视频只能做人的影响这一层，不能抢走科学证据的位置。,所以视频来源有功能，但不能喧宾夺主。,,,,,,,,,,引导·任务要求,教师任务说明,中,—,
208,E078,内部批注,反方,2 资料/文献,我需要处理反方，但不想写假反方。,好。反方要公平呈现。,,,,,,,,,,自发,,低,—,
209,E079,交互轮,反方,2 资料/文献,YouTube推荐给我一个反方视频：https://www.youtube.com/watch?v=axAOTVq6cxM，说CO2让植物生长，标题CO2-induced Benefits to Plant Water Use Efficiency，那是不是可以说气候变化也没有那么坏？,可以作为反方线索。先不要当可靠来源。,SIFT · Stop,AI示范,中,学生未执行该动作，指令在本轮 AI 回复中,,,,,,自发,,低,—,透镜标签不构成引导（v3 修订）
210,E080,交互轮,入口：反方视频后的页面,2 资料/文献,这个反方视频简介里有这个网站：https://www.co2science.org/video/confirmed/wue.php。我打开了,先把它当成“反方候选材料”，不要马上引用，也不要马上打假。第一步只记录：它主张什么、页面属于谁、它最多能证明什么。,SIFT · Stop,AI示范,中,学生未执行该动作，指令在本轮 AI 回复中,,,,,,引导·AI提示,R209,中,—,同轮透镜标签:SIFT---Stop and Refl
211,E081,交互轮,入口：反方视频后的页面,2 资料/文献,页面说 CO2 增加会让植物用水效率更高，好像意思是 CO2 对植物有好处。,你可以先承认窄事实：CO2 fertilization / water-use efficiency 可能是植物生理层面的机制。但注意，它还不能推出“气候变化整体不严重”。,To What Degree,AI示范,中,学生未执行该动作，指令在本轮 AI 回复中,,,,,,引导·AI提示,R210,中,—,同轮透镜标签:To What Degree
212,E081,内部批注,入口：反方视频后的页面,2 资料/文献,我想把它拆成一句话：CO2增加 -> 植物更省水 -> 所以排放也有好处。,拆得还不够。它真正可能藏着两步跳跃：第一，植物水分利用效率提高是否普遍成立；第二，这个好处是否足以抵消温度、干旱、极端天气、海平面等风险。,论证解剖 / warrant,学生执行,待复核,★ 自动判据不足，需人工确认归属,,,,,,引导·AI提示,R210,中,—,同轮透镜标签:论证解剖
213,E082,交互轮,入口：反方视频后的页面,2 资料/文献,我先不反驳它，只问它能证明什么。,很好。它最多能证明：在某些条件下，升高CO2可能提高部分植物的水分利用效率。它不能证明：CO2排放整体有益、气候变化不严重、中国排放不重要。,CRAAP,学生执行,高,「我先不反驳它，只问它能证明什么」,,,,,,自发,,低,—,透镜标签不构成引导（v3 修订）
214,E083,交互轮,反方视频后的入口,2 资料/文献,所以我可以把这个作为论据说CO2其实挺好吗？,先不要一下子写这么大。它最多先是在说植物层面的某个可能好处，还不是在证明气候变化整体没问题。,,,,,,,,,,自发,,低,—,
215,E084,交互轮,反方视频后的入口,2 资料/文献,这个网页和NASA那个地球变绿有点像，都是植物变好。,有一点关系，但不是一回事。NASA/Nature那条是 leaf area 变绿，这里是 water-use efficiency。你可以先记成“相关但指标不同”。,,,,,,,,,,引导·AI提示,R214,中,—,
216,E085,交互轮,反方视频后的入口,2 资料/文献,我感觉这个网页看起来不像NASA，也不像论文。,这个感觉可以作为提醒，但不能作为证据。下一步别评价页面风格，先找它是谁办的。,SIFT · Stop,AI示范,中,学生未执行该动作，指令在本轮 AI 回复中,,,,,,引导·AI提示,R215,中,—,同轮透镜标签:SIFT---Stop and Refl
217,E086,交互轮,反方视频后的入口,2 资料/文献,我在页面上看到 CO2 Science，好像还有 Center for the Study of Carbon Dioxide and Global Change。这个是大学吗？,现在不能确定。名字听起来像研究机构，但要看 About、Mission、Staff 或 Contact。,SIFT · Investigate,学生执行·AI先示范,中,学生执行；前一轮 R216 的 AI 已提示该动作,,,,,,引导·AI提示,R216,中,—,同轮透镜标签:SIFT---Investigate t
218,E087,交互轮,反方视频后的入口,2 资料/文献,它标题旁边没有像NASA那样清楚的作者和发布日期，我有点不放心。,这个“不放心”是合理的，但先转成可查问题：作者是谁？机构是谁？它自己怎么介绍自己？,SIFT · Investigate,AI示范,高,AI 把「不放心」转成三个可查问题,,,,,,自发,,低,—,透镜标签不构成引导（v3 修订）
219,E088,交互轮,反方视频后的入口,2 资料/文献,这个网站算正经科学网站吗？,我不能直接替你盖章。你先查它的自我介绍，再看外部怎么介绍它。,SIFT · Investigate,AI示范,中,学生未执行该动作，指令在本轮 AI 回复中,,,,,,自发,,低,—,透镜标签不构成引导（v3 修订）
220,E089,交互轮,反方视频后的入口,2 资料/文献,我现在先不引用它，只放一个候选。,"对，状态可以写：opened, not yet evaluated。",SIFT · Investigate,学生执行,待复核,★ 自动判据不足，需人工确认归属,,,,,,引导·AI提示,R219,中,—,同轮透镜标签:SIFT--Investigate th
221,E090,内部批注,查这个网站是谁,2 资料/文献,我点 About Us：https://www.co2science.org/about/aboutus.php。,这个页面可以帮你看它怎么介绍自己。记住，自我介绍不是外部验证。,SIFT · Investigate,学生执行,中,学生发言中含动作或判断,,,,,,自发,,低,—,透镜标签不构成引导（v3 修订）
222,E091,交互轮,查这个网站是谁,2 资料/文献,About页像一个目录，里面有 Mission、Position Papers、Staff、Media Information。,先看 Mission 和 Staff。Mission看它的目的，Staff看是谁在做。,SIFT · Investigate,AI示范,中,学生未执行该动作，指令在本轮 AI 回复中,,,,,,自发,,低,—,透镜标签不构成引导（v3 修订）
223,E091,内部批注,查这个网站是谁,2 资料/文献,我先点 Mission Statement：https://www.co2science.org/about/mission.php。,可以。你要看它是做原始研究、整理文献、评论，还是宣传某种立场。,SIFT · Investigate,学生执行·AI先示范,中,学生执行；前一轮 R222 的 AI 已提示该动作,,,,,,自发,,低,—,同轮透镜标签:SIFT--Investigate th
224,E092,交互轮,查这个网站是谁,2 资料/文献,它说会发布 reports、editorials、mini-reviews，关于大气CO2增加的气候和生物后果。,这说明它不是单纯数据平台，更像整理和评论CO2相关研究的网站。先这样中性记录。,SIFT · Investigate,学生执行,待复核,★ 自动判据不足，需人工确认归属,,,,,,引导·AI提示,R223,中,—,同轮透镜标签:SIFT--Investigate th
225,E093,交互轮,查这个网站是谁,2 资料/文献,它还说 separate reality from rhetoric。这个说法听起来有点像在反驳别人。,这个观察可以记下来：它的语气不是完全中立数据口吻，而是有“纠正争论”的表达。不要马上说它错，只记表达特点。,SIFT · Investigate,AI示范,中,学生未执行该动作，指令在本轮 AI 回复中,,,,,,自发,,低,—,透镜标签不构成引导（v3 修订）
226,E094,交互轮,查这个网站是谁,2 资料/文献,我想写“它有立场”。,可以写得更稳一点：它呈现出明确的议题取向，尤其关注CO2可能带来的正面影响。,,,,,,,,,,自发,,低,—,
227,E095,交互轮,查这个网站是谁,2 资料/文献,我点 Staff：https://www.co2science.org/about/center_staff.php。,好。先看人名和角色，不急着评价这些人。,SIFT · Investigate,学生执行,中,学生发言中含动作或判断,,,,,,自发,,低,—,透镜标签不构成引导（v3 修订）
228,E096,交互轮,查这个网站是谁,2 资料/文献,Staff页里有 Truman W. Idso 和 Craig D. Idso。,记录下来。现在你遇到的是具体人名，下一步自然是查其中一个人是谁。,SIFT · Investigate,AI示范,中,学生未执行该动作，指令在本轮 AI 回复中,,,,,,引导·AI提示,R227,中,—,同轮透镜标签:SIFT--Investigate th
229,E097,交互轮,查这个网站是谁,2 资料/文献,Craig Idso这个名字我完全不认识。,那就搜这个人和网站名，不要先搜结论。比如 Craig Idso CO2 Science。,SIFT · Trace,AI示范,中,学生未执行该动作，指令在本轮 AI 回复中,,,,,,引导·AI提示,R228,中,—,同轮透镜标签:SIFT--Trace the Clai
230,E098,内部批注,查这个网站是谁,2 资料/文献,我搜：Craig Idso CO2 Science。,这个检索很真实：你是在查“这个人是谁”，不是预设网站有什么问题。,SIFT · Trace,学生执行·AI先示范,中,学生执行；前一轮 R229 的 AI 已提示该动作,,,,,,自发,,低,—,透镜标签不构成引导（v3 修订）
231,E099,交互轮,查这个网站是谁,2 资料/文献,搜索结果有他自己的资料，也有一些外部网站，我不知道先点哪个。,先看结果标题和域名。官网/个人资料是自述，外部页面是横向阅读。可以各看一个，但要分清类型。,SIFT · Trace,AI示范,中,学生未执行该动作，指令在本轮 AI 回复中,,,,,,自发,,低,—,透镜标签不构成引导（v3 修订）
232,E100,交互轮,查这个网站是谁,2 资料/文献,我先点回官网相关页面，因为我怕外部网站乱说。,可以，这很正常。先把自述看完，再看外部。,SIFT · Trace,学生执行·AI先示范,中,学生执行；前一轮 R231 的 AI 已提示该动作,,,,,,引导·AI提示,R231,中,—,同轮透镜标签:SIFT--Trace the Clai
233,E101,交互轮,查这个网站是谁,2 资料/文献,官网页面还是让我觉得它很专注CO2好处，但我不知道这是不是正常。,这时可以做横向阅读：看看外部资料怎么介绍这个机构或人员。,SIFT · Trace,学生执行,待复核,★ 自动判据不足，需人工确认归属,,,,,,自发,,低,—,透镜标签不构成引导（v3 修订）
234,E102,内部批注,横向阅读：不是先问钱,2 资料/文献,我搜：Center for the Study of Carbon Dioxide and Global Change。,这个检索更自然。你是用它自己的正式名称查“它是什么”，不是预设任何具体背景。,SIFT · Trace,学生执行,中,学生发言中含动作或判断,,,,,,自发,,低,—,透镜标签不构成引导（v3 修订）
235,E103,交互轮,横向阅读：不是先问钱,2 资料/文献,搜索结果里有 DeSmog 的页面，标题就是这个机构名。,可以点，但先记：DeSmog是气候议题资料库/调查网站，可能有明确立场。它适合给线索，不等于最终裁判。,SIFT · Trace,学生执行,待复核,★ 自动判据不足，需人工确认归属,,,,,,自发,,低,—,透镜标签不构成引导（v3 修订）
236,E104,交互轮,横向阅读：不是先问钱,2 资料/文献,我有点不想点，因为它看起来像批评气候怀疑论的网站。,你的犹豫是好的。打开也可以，但你要同时记录它的立场和证据来源。,SIFT · Trace,学生执行,待复核,★ 自动判据不足，需人工确认归属,,,,,,自发,,低,—,透镜标签不构成引导（v3 修订）
237,E105,交互轮,横向阅读：不是先问钱,2 资料/文献,我打开 DeSmog：https://www.desmog.com/center-study-carbon-dioxide-and-global-change/。,现在只看它怎么介绍这个机构、有没有给资料来源。不要直接复制它的标签。,SIFT · Trace,学生执行,中,学生发言中含动作或判断,,,,,,自发,,低,—,透镜标签不构成引导（v3 修订）
238,E106,交互轮,横向阅读：不是先问钱,2 资料/文献,它上面有 Background、Stance、Funding 这些栏目。,先按页面顺序看它怎么介绍这个组织，暂时不要直接复制任何标签。,SIFT · Trace,AI示范,中,学生未执行该动作，指令在本轮 AI 回复中,,,,,,自发,,低,—,透镜标签不构成引导（v3 修订）
239,E106,内部批注,横向阅读：不是先问钱,2 资料/文献,Background里把这个机构和Craig Idso联系起来。这个和我前面在Staff看到的名字对上了。,很好，这是横向阅读的一个确认点：官网人员和外部介绍能对应上。,SIFT · Trace,学生执行,待复核,★ 自动判据不足，需人工确认归属,,,,,,自发,,低,—,透镜标签不构成引导（v3 修订）
240,E107,交互轮,横向阅读：不是先问钱,2 资料/文献,Stance部分好像说它对CO2影响有固定观点。,先不要直接接受它的评价。记录为“DeSmog describes the group as...”，而不是“事实就是...”。,SIFT · Trace,AI示范,中,学生未执行该动作，指令在本轮 AI 回复中,,,,,,自发,,低,—,透镜标签不构成引导（v3 修订）
241,E108,内部批注,横向阅读：第一次看到公司名,2 资料/文献,我继续往下看，Funding Overview里第一次看到 Exxon Mobil 这个名字。,这才是自然出现的节点。你要记清楚：这个公司名不是你一开始搜的，是在外部介绍页里读到的。,利益相关方,学生执行,高,Exxon 名称由学生在阅读中读到,,,,,,材料触发,,低,—,"Exxon 名称首次出现在 DeSmog Funding Overview,非学生预设检索"
242,E109,交互轮,横向阅读：第一次看到公司名,2 资料/文献,我有点惊讶。我本来只是想知道这个网站是谁，没想到看到这个。因为这个Exxon Mobil是石油巨头,这个反应很真实。现在如果继续追这个名字，就是跟随材料线索，而不是带着答案搜索。,利益相关方,AI示范,中,学生未执行该动作，指令在本轮 AI 回复中,,,,,,自发,,低,—,透镜标签不构成引导（v3 修订）
243,E110,交互轮,横向阅读：第一次看到公司名,2 资料/文献,Funding Overview里有金额，但我不知道它的数据从哪里来的。,不要急着抄金额。先看它有没有说明来源，比如数据库、税表、引用链接。金额如果口径不同，就不要写成精确结论。,利益相关方,AI示范,中,学生未执行该动作，指令在本轮 AI 回复中,,,,,,自发,,低,—,透镜标签不构成引导（v3 修订）
244,E111,交互轮,横向阅读：第一次看到公司名,2 资料/文献,原来它背后是石油公司。,先别这么写。你现在能稳写的是：外部资料把它和化石燃料资金网络联系起来，但这需要限定来源和口径。,利益相关方,AI示范,中,学生未执行该动作，指令在本轮 AI 回复中,,,,,,引导·AI提示,R243,中,—,同轮透镜标签:利益相关方
245,E112,交互轮,横向阅读：第一次看到公司名,2 资料/文献,我是不是应该回到官网，看它自己有没有解释捐赠者？,这一步现在就自然了，因为外部页面提到了资金。你可以回官网找 donation、contributor、funding 之类信息。,利益相关方,AI示范,中,学生未执行该动作，指令在本轮 AI 回复中,,,,,,引导·AI提示,R244,中,—,同轮透镜标签:利益相关方
246,E112,内部批注,横向阅读：第一次看到公司名,2 资料/文献,我在官网里找到一个问答页：https://www.co2science.org/subject/questions/1999/morefunding.php。,这个页面现在很有用：它是网站自己对资金透明度问题的回应。,利益相关方,学生执行·AI先示范,中,学生执行；前一轮 R245 的 AI 已提示该动作,,,,,,引导·AI提示,R244,中,—,"源表未记录触发来源(5.1要件缺失),按3.2保守记引导"
247,E113,交互轮,横向阅读：第一次看到公司名,2 资料/文献,这个问答里有人问是不是煤炭公司和电力行业资助，它回答说有些donors要求匿名，所以不披露contributors身份。,这只能证明它不公开捐赠者身份。它不能单独证明某一笔资金，也不能自动证明页面内容是假。,利益相关方,AI示范,中,学生未执行该动作，指令在本轮 AI 回复中,,,,,,自发,,低,—,透镜标签不构成引导（v3 修订）
248,E113,内部批注,横向阅读：第一次看到公司名,2 资料/文献,所以这条证据不是“它被谁控制”，而是“不透明”？,对。写“不透明”比写“被控制”稳很多。,利益相关方,学生执行·AI先示范,中,学生执行；前一轮 R247 的 AI 已提示该动作,,,,,,引导·AI提示,R247,中,—,"AI 已说明""只能证明不透明,不能证明被控制"""
249,E114,内部批注,追踪已出现线索,2 资料/文献,现在我可以搜 CO2Science Exxon 吗？因为这个名字已经在DeSmog页面里出现了。,可以。现在这是追踪已出现线索，不是你一开始就知道答案。,,,,,,,,,,自发,,低,—,
250,E115,内部批注,追踪已出现线索,2 资料/文献,我搜：CO2Science Exxon。,在搜索日志里写清楚：after seeing Exxon Mobil in DeSmog Funding Overview。,,,,,,,,,,自发,,低,—,
251,E116,交互轮,追踪已出现线索,2 资料/文献,搜索结果里有 Greenpeace 的页面。,可以打开，但先标注它是环保倡议组织。它能提供线索，但不是中立学术来源。,,,,,,,,,,自发,,低,—,
252,E117,交互轮,追踪已出现线索,2 资料/文献,我打开 Greenpeace：https://www.greenpeace.org/usa/climate/climate-deniers/front-groups/center-for-the-study-of-carbon-dioxide-and-global-change/。,记录为第二个外部线索。注意它可能和DeSmog共享资料链，不能算两个完全独立的一手证据。,,,,,,,,,,自发,,低,—,
253,E118,交互轮,追踪已出现线索,2 资料/文献,Greenpeace也提到类似的资金关联，还提到其他能源公司。,可以记，但不要写成最终事实。最好写：advocacy sources report fossil-fuel funding links。,,,,,,,,,,引导·AI提示,R252,中,—,
254,E119,交互轮,追踪已出现线索,2 资料/文献,我现在更确定不能把co2science直接当科学证据了。,这个判断可以，但理由要完整：不是因为“我不喜欢它”，而是因为它是二手评论网站、议题取向明显、资金透明度有限、外部资料有争议信息。,,,,,,,,,,引导·AI提示,R253,中,—,
255,E120,交互轮,追踪已出现线索,2 资料/文献,但它说CO2提高WUE这件事不一定就是假的，对吗？,对。来源背景不能自动推翻具体科学机制。你应该拆它的外推：即使某些植物水分效率提高，也不能推出气候变化整体有益。,,,,,,,,,,自发,,低,—,
256,E121,交互轮,追踪已出现线索,2 资料/文献,那我对它的最终处理是：只做反方入口，不做正文证据。,"非常稳。写成 counterclaim trigger, not evidence。",,,,,,,,,,自发,,低,采纳(无理由),自行给出 co2science 最终处理
257,E122,交互轮,转向更大的背景,2 资料/文献,因为刚刚看到这个公司名，我又搜：Exxon climate science projections。,注意，你现在已经进入另一个方向：公司气候科学史。这可能有价值，但很容易跑题。,,,,,,,,,,自发,,低,—,
258,E123,交互轮,转向更大的背景,2 资料/文献,我找到 Science 论文：https://www.science.org/doi/10.1126/science.abk0063。,这是高权威论文入口，但要先看你能不能打开。我这里测试Science DOI可能403/受限，所以不能写“我读了全文”。,,,,,,,,,,自发,,低,—,
259,E123,内部批注,转向更大的背景,2 资料/文献,题名是 Assessing ExxonMobil’s global warming projections。这个已经不是WUE了。,对，它研究的是公司过去的全球变暖预测。它和co2science页面不是同一件事，只是都属于更大的气候传播争议背景。,,,,,,,,,,自发,,低,—,
260,E124,交互轮,转向更大的背景,2 资料/文献,我还搜索到了一个 InsideClimateNews 专题：https://insideclimatenews.org/project/exxon-the-road-not-taken/。,这个页面可以打开。它是调查报道专题和内部文件入口，不是同行评议论文。,,,,,,,,,,自发,,低,—,
261,E125,交互轮,转向更大的背景,2 资料/文献,页面标题是 Exxon: The Road Not Taken，像是2015年的调查系列。,记录为调查报道系列。它适合研究公司气候史，不适合直接回答中国是否让地球更可持续。,,,,,,,,,,自发,,低,—,
262,E126,交互轮,转向更大的背景,2 资料/文献,里面还有Documents入口。我有点想点进去。,如果你真的读内部文件，才可能进入历史史料分析；但那会变成另一篇文章。,,,,,,,,,,引导·AI提示,R261,中,—,
263,E127,内部批注,退出兔子洞,2 资料/文献,我觉得很气愤，就是这些石油巨头们自己做网站到处宣传的手段有点过分，但是我现在感觉这条线已经离我要写的题目很远了。,是的。你原题的主轴还是中国的greening、年度CO2份额和气候影响。这个方向是反方来源生态和公司气候传播史。,,,,,,,,,,自发,,低,—,
264,E128,交互轮,退出兔子洞,2 资料/文献,那我不写正文，但保留在research log。,这样最好。它显示你追查过反方来源，但没有让兔子洞替代主问题。,,,,,,,,,,自发,,低,—,
265,E128,内部批注,退出兔子洞,2 资料/文献,我不是一开始查公司名，是在查这个网站是什么时，从外部介绍页里看到的。,这句很关键，能说明路径真实。,,,,,,,,,,自发,,低,—,
266,E128,内部批注,退出兔子洞,2 资料/文献,co2science状态：opened / checked / counterclaim trigger only。,可以，再加 not used as scientific evidence。,,,,,,,,,,自发,,低,—,
267,E129,交互轮,退出兔子洞,2 资料/文献,"DeSmog和Greenpeace状态：external leads, not final proof。",准确。它们帮你发现争议和资金线索，但不是正文核心证据。,,,,,,,,,,自发,,低,—,
268,E129,内部批注,退出兔子洞,2 资料/文献,"ICN状态：investigative series / document gateway, rabbit-hole only。",可以。以后如果单独研究公司气候史再回来。,,,,,,,,,,自发,,低,—,"动机化情绪出现(「很气愤…石油巨头」),但未落地正文 → 按2.4判其后的证据处理"
269,E129,内部批注,退出兔子洞,2 资料/文献,还有好多我可以查找的，但是目前我没有写这个网站一定是假的，也没有写某家公司控制它。回头有空了再看,很好。红线就是：不动机攻击、不假装已读、不把外部批评当最终证明、不让兔子洞替代主线。,,,,,,,,,,自发,,低,—,
270,E130,内部批注,修订与thesis,3 方法/RQ结构,我标的问题是：wrong causality; the example is not China-specific attribution evidence,这个诊断是对的。现在把它改成证据能支持的范围。,,,,,,,,,,自发,,低,—,
271,E131,内部批注,修订与thesis,3 方法/RQ结构,"我改成：The Bangladesh case shows why planetary sustainability should include human vulnerability, not only vegetation metrics.",这版更稳，claim和证据范围匹配。,,,,,,,,,,自发,,低,采纳(无理由),
272,E132,交互轮,修订与thesis,3 方法/RQ结构,"我先写了一个可能有问题的句子：CO2 helps plants, so emissions are not a problem.",先不要急着保留。我们看它的问题在哪里。,,,,,,,,,,自发,,低,—,
273,E132,内部批注,修订与thesis,3 方法/RQ结构,我标的问题是：overextends a narrow plant mechanism to system-level climate effects,这个诊断是对的。现在把它改成证据能支持的范围。,,,,,,,,,,自发,,低,—,
274,E133,内部批注,修订与thesis,3 方法/RQ结构,"我改成：Even if CO2 can benefit some plant processes, that does not settle whether emissions are harmless at system level.",这版更稳，claim和证据范围匹配。,,,,,,,,,,自发,,低,采纳(无理由),
275,E134,交互轮,修订与thesis,3 方法/RQ结构,我先写了一个可能有问题的句子：MEE reports prove China has achieved sustainability.,先不要急着保留。我们看它的问题在哪里。,,,,,,,,,,自发,,低,—,
276,E134,内部批注,修订与thesis,3 方法/RQ结构,"我标的问题是：official policy documents show commitments and reporting, not independent outcome proof",这个诊断是对的。现在把它改成证据能支持的范围。,,,,,,,,,,自发,,低,—,
277,E135,内部批注,修订与thesis,3 方法/RQ结构,我改成：MEE reports provide policy context that should be read alongside external outcome indicators.,这版更稳，claim和证据范围匹配。,,,,,,,,,,自发,,低,采纳(无理由),
278,E136,交互轮,修订与thesis,3 方法/RQ结构,"我先写最终thesis版本1：China has helped make the Earth greener, but this does not automatically mean more sustainable。",结论先不要二选一。把full yes、qualified yes、unclear、no的条件列出来。,To What Degree,学生执行,中,学生发言中含动作或判断,,,,,,自发,,低,—,透镜标签不构成引导（v3 修订）
279,E137,内部批注,修订与thesis,3 方法/RQ结构,"版本2：China has contributed to global greening, but emissions and human impacts make the sustainability claim limited。",更好。,,,,,,,,,,引导·AI提示,R278,中,—,
280,E138,内部批注,修订与thesis,3 方法/RQ结构,"版本3：China has contributed to one measurable dimension of sustainability, global greening, but the evidence supports only a qualified yes because emissions scale and climate impacts remain serious。",这版很扎实。,,,,,,,,,,自发,,低,—,
281,E139,交互轮,修订与thesis,3 方法/RQ结构,我有点担心qualified yes是不是太保守。,看证据，不看语气。你的正面证据强，但限制证据也强，所以qualified yes合理。,,,,,,,,,,自发,,低,—,
282,E140,交互轮,修订与thesis,3 方法/RQ结构,如果要写full yes，我还缺什么证据？,需要更多维度都支持，例如排放长期明显下降、生态质量提升、人类影响减少等。你目前没有这些。,,,,,,,,,,自发,,低,—,
283,E140,内部批注,修订与thesis,3 方法/RQ结构,那直接写no好像也不对，问题在哪里？,因为Nature给了强正面greening证据，完全no会忽视它。,,,,,,,,,,自发,,低,—,
284,E140,内部批注,修订与thesis,3 方法/RQ结构,所以最终落在qualified yes，不是因为折中，而是因为证据结构就是这样。,很好。,,,,,,,,,,自发,,低,—,
285,E141,交互轮,写作过程：开稿边界,4 产出与分析,现在我确定是qualified yes了，但我还没有真的写文章。我先不开全文，请你只检查写作计划，不替我写。,可以。你先给出段落顺序、每段功能和大概字数。我只检查功能和越界，不替你生成正文。,AI克制 · 边界,学生执行,待复核,★ 自动判据不足，需人工确认归属,,,,,,自发,,低,—,开稿前自设 AI 边界
286,E142,交互轮,写作过程：开稿边界,4 产出与分析,我先设总字数800词。大概intro 90，P1 greening 170，P2 emissions 170，P3 climate impacts 150，P4 counterclaim + policy 140，conclusion 80。,这个预算合理。P4内容很多，注意不要让co2science、Exxon和MEE挤爆一段。,,,,,,,,,,自发,,低,—,
287,E143,交互轮,写作过程：开稿边界,4 产出与分析,我给每段写功能，不写漂亮话：intro = define sustainability and state qualified yes。,清楚。intro不要塞来源细节。,,,,,,,,,,自发,,低,—,
288,E144,交互轮,写作过程：开稿边界,4 产出与分析,P1 = strongest positive evidence: China contributed to global net leaf-area increase。,对，P1负责“yes”的部分，但只能是greening dimension。,,,,,,,,,,自发,,低,—,
289,E144,内部批注,写作过程：开稿边界,4 产出与分析,P2 = limiting evidence: annual CO2 share and short-term IEA nuance。,对。P2不是否定P1，而是限制P1能推出的范围。,,,,,,,,,,自发,,低,—,
290,E145,交互轮,写作过程：开稿边界,4 产出与分析,"P3 = why emissions matter for sustainability, using video + World Bank as impact-side context。",这个说法比“人类脆弱性”更稳。它说明排放维度为什么不能忽略，不做中国归因。,主张追问,AI示范,中,学生未执行该动作，指令在本轮 AI 回复中,,,,,,自发,,低,—,透镜标签不构成引导（v3 修订）
291,E146,交互轮,写作过程：开稿边界,4 产出与分析,"P4 = fair counterclaim: CO2 may benefit plant WUE, plus Chinese policy context if字数够。",可以，但P4要短。co2science是反方入口，MEE是政策语境，两者都不是核心结果证据。,,,,,,,,,,自发,,低,—,
292,E146,内部批注,写作过程：开稿边界,4 产出与分析,"Conclusion = no new source, no new claim, just answer extent。",很好。结论只收束，不扩张。,,,,,,,,,,自发,,低,—,
293,E146,内部批注,写作过程：开稿边界,4 产出与分析,"我先列不能写的词：prove sustainability, saved the Earth, solved emissions, China caused Bangladesh migration。",这张禁用词表很有用。它直接防止过度归因。,红线词表,学生执行,中,学生发言中含动作或判断,,,,,,自发,,低,—,"源表未记录触发来源(5.1要件缺失),按3.2保守记引导"
294,E146,内部批注,写作过程：开稿边界,4 产出与分析,我也不能写The Economist says这些人是中国造成的，只能写视频帮助我看到为什么climate impacts要进入评价。,准确。这个边界后面P3必须守住。,,,,,,,,,,自发,,低,—,
295,E147,交互轮,写作过程：引言草稿,4 产出与分析,"我先写intro第一句草稿：At first glance, China seems to have made the Earth more sustainable because NASA reported that the planet is becoming greener.",这句有两个风险：第一，NASA不是说China alone；第二，“seems to have made”太快。你可以改成从“greenness is an intuitive but incomplete signal”开始。,主张追问,学生执行,中,学生发言中含动作或判断,,,,,,自发,,低,—,透镜标签不构成引导（v3 修订）
296,E148,交互轮,写作过程：引言草稿,4 产出与分析,"我改成：Greenness is one of the most visible signs people associate with environmental improvement, but it is not the same as sustainability.",这句稳。它先定义问题，而不是直接站队。,,,,,,,,,,引导·AI提示,R295,中,采纳(无理由),措辞由 AI 供给并全盘采纳(0 次带理由的拒绝)
297,E149,交互轮,写作过程：引言草稿,4 产出与分析,第二句我想接：This matters for China because a NASA-linked study reports a large Chinese contribution to global greening.,可以，但“NASA-linked study”有点模糊。你可以写“a Nature Sustainability study introduced by NASA”。,,,,,,,,,,自发,,低,—,
298,E150,交互轮,写作过程：引言草稿,4 产出与分析,我写：A Nature Sustainability study introduced by NASA reports that China contributed disproportionately to global net leaf-area increase.,可以。intro里不必放25%和6.6%，数字留到P1。,,,,,,,,,,引导·AI提示,R297,中,采纳(无理由),措辞由 AI 供给并全盘采纳(0 次带理由的拒绝)
299,E150,内部批注,写作过程：引言草稿,4 产出与分析,"我第三句写：However, sustainability also requires climate stability and human consequences, not only vegetation metrics.",很好。这里把后文的排放和影响维度预告出来。,,,,,,,,,,引导·AI提示,R297,中,—,
300,E151,交互轮,写作过程：引言草稿,4 产出与分析,"thesis草稿：Therefore, China has contributed to one measurable dimension of planetary sustainability, but the answer is only a qualified yes.",方向对，但要说明限制来自什么，不然qualified yes像口号。,,,,,,,,,,自发,,低,—,
301,E151,内部批注,写作过程：引言草稿,4 产出与分析,我补：because emissions scale and climate impacts keep the overall judgment limited.,可以。intro thesis成型。,,,,,,,,,,自发,,低,—,
302,E152,交互轮,写作过程：引言草稿,4 产出与分析,"intro v1：Greenness is one of the most visible signs people associate with environmental improvement, but it is not the same as sustainability. A Nature Sustainability study introduced by NASA reports that China contributed disproportionately to global net leaf-area increase. However, sustainability also requires climate stability and attention to human consequences, not only vegetation metrics. Therefore, China has contributed to one measurable dimension of planetary sustainability, but the answer is only a qualified yes because emissions scale and climate impacts keep the overall judgment limited.",功能完整。字数略长但可接受。后面如果超字数，可以删“one of the most visible”。,,,,,,,,,,自发,,低,—,
303,E152,内部批注,写作过程：引言草稿,4 产出与分析,我数了一下intro大概70多词，比预算少一点。,好，给后面证据段留空间。,,,,,,,,,,自发,,低,—,
304,E153,交互轮,写作过程：引言草稿,4 产出与分析,我检查intro没有公众号、没有视频、没有Exxon。,对，intro不要变成材料故事。,段落功能检查,学生执行,中,学生发言中含动作或判断,,,,,,自发,,低,—,透镜标签不构成引导（v3 修订）
305,E154,交互轮,写作过程：P1 greening段,4 产出与分析,P1 topic sentence草稿：The strongest evidence for a positive answer comes from satellite-based greening data.,可以。下一句要马上接Nature数字，不要绕太久讲NASA。,,,,,,,,,,自发,,低,—,
306,E154,内部批注,写作过程：P1 greening段,4 产出与分析,我写证据句：The Nature study reports that China contributed 25% of the global net increase in leaf area while having only 6.6% of global vegetated area.,这句是P1承重句。保留net increase、leaf area、global vegetated area。,数据三问,学生执行·AI先示范,中,学生执行；前一轮 R305 的 AI 已提示该动作,,,,,,自发,,低,—,"源表未记录触发来源(5.1要件缺失),按3.2保守记引导"
307,E155,交互轮,写作过程：P1 greening段,4 产出与分析,我想写：This proves China made the Earth greener.,可以写“supports”，不要写“proves”。另外“the Earth greener”可以，但要接“in leaf-area terms”。,To What Degree,AI示范,中,学生未执行该动作，指令在本轮 AI 回复中,,,,,,自发,,低,—,透镜标签不构成引导（v3 修订）
308,E156,内部批注,写作过程：P1 greening段,4 产出与分析,我改成：This supports a strong claim that China made an unusually large contribution to global greening in leaf-area terms.,这句稳。unusually large来自25% vs 6.6%的比较。,,,,,,,,,,自发,,低,采纳(无理由),
309,E157,交互轮,写作过程：P1 greening段,4 产出与分析,我想把NASA one-third也放进去，会不会重复？,如果放，必须写China and India together。正文800词里，NASA可以只作追源背景，不必再放一遍one-third。,,,,,,,,,,自发,,低,—,
310,E157,内部批注,写作过程：P1 greening段,4 产出与分析,那P1正文就不写NASA one-third，只在citation/source log保留NASA。,合理。正文把空间给中国单独数据。,,,,,,,,,,自发,,低,—,
311,E157,内部批注,写作过程：P1 greening段,4 产出与分析,我需要解释为什么25% vs 6.6%有意义。,对。这是warrant：贡献份额远高于植被面积份额，所以它不是普通比例变化。,论证解剖 / warrant,学生执行,待复核,★ 自动判据不足，需人工确认归属,,,,,,自发,,低,—,"源表未记录触发来源(5.1要件缺失),按3.2保守记引导"
312,E157,内部批注,写作过程：P1 greening段,4 产出与分析,warrant句：The comparison matters because the contribution is much larger than China’s share of vegetated land.,可以。,,,,,,,,,,自发,,低,—,
313,E157,内部批注,写作过程：P1 greening段,4 产出与分析,"limit句：Yet leaf area is not the same as biodiversity, carbon neutrality, or ecosystem health.",很好。,,,,,,,,,,自发,,低,—,
314,E158,交互轮,写作过程：P1 greening段,4 产出与分析,我还要不要写croplands？,建议写一句短的：some greening may involve managed croplands。这样能防止把变绿等同自然恢复。,,,,,,,,,,自发,,低,—,
315,E159,交互轮,写作过程：P1 greening段,4 产出与分析,"我写：Some of this greening may also involve managed croplands, so it should not be romanticized as pure ecological restoration.",很好，但“romanticized”有点口语/价值色彩。可以改成“treated as”。,,,,,,,,,,引导·AI提示,R314,中,采纳(无理由),措辞由 AI 供给并全盘采纳(0 次带理由的拒绝)
316,E160,内部批注,写作过程：P1 greening段,4 产出与分析,"改成：Some of this greening may also involve managed croplands, so it should not be treated as pure ecological restoration.",准确。,,,,,,,,,,引导·AI提示,R315,中,采纳(无理由),措辞由 AI 供给并全盘采纳(0 次带理由的拒绝)
317,E161,交互轮,写作过程：P1 greening段,4 产出与分析,"P1 v1：The strongest evidence for a positive answer comes from satellite-based greening data. The Nature study reports that China contributed 25% of the global net increase in leaf area while having only 6.6% of global vegetated area. This comparison matters because the contribution is much larger than China’s share of vegetated land. It supports a strong claim that China made an unusually large contribution to global greening in leaf-area terms. Yet leaf area is not the same as biodiversity, carbon neutrality, or ecosystem health. Some greening may also involve managed croplands, so it should not be treated as pure ecological restoration.",P1结构完整：topic-evidence-warrant-limit。可稍微压缩，但逻辑很好。,,,,,,,,,,自发,,低,—,
318,E162,交互轮,写作过程：P1 greening段,4 产出与分析,我觉得P1里面strong出现两次，有点重复。,可以删一个。比如把“The strongest evidence”改成“A major positive line of evidence”。,,,,,,,,,,自发,,低,—,
319,E162,内部批注,写作过程：P1 greening段,4 产出与分析,P1改：A major positive line of evidence comes from satellite-based greening data.,可以。语气更稳。,,,,,,,,,,自发,,低,采纳(无理由),措辞由 AI 供给并全盘采纳(0 次带理由的拒绝)
320,E163,内部批注,写作过程：P2 emissions段,4 产出与分析,"P2 topic sentence：However, greening does not erase the climate pressure created by emissions.",很好。它说明P2限制P1，不是否定P1。,,,,,,,,,,自发,,低,—,
321,E164,交互轮,写作过程：P2 emissions段,4 产出与分析,"证据句：OWID’s chart, based on the Global Carbon Budget data chain, shows China at about 31.8% of annual global CO2 emissions in 2024.",这句要加annual和CO2，很好。可以写“around”或“about”。,数据三问,学生执行,待复核,★ 自动判据不足，需人工确认归属,,,,,,自发,,低,—,透镜标签不构成引导（v3 修订）
322,E165,交互轮,写作过程：P2 emissions段,4 产出与分析,我想写largest polluter，这样更有力。,不建议，除非你明确口径和比较对象。你的承重数据是annual global CO2 share，不是所有pollution。,,,,,,,,,,自发,,低,—,
323,E166,内部批注,写作过程：P2 emissions段,4 产出与分析,我改成major current emitter。,更准确。,,,,,,,,,,自发,,低,采纳(无理由),
324,E167,交互轮,写作过程：P2 emissions段,4 产出与分析,我需要写为什么31.8%不是反驳25%。,对，这是P2的关键。写成“does not disprove the greening evidence; it limits what that evidence can mean”。,数据三问,学生执行,待复核,★ 自动判据不足，需人工确认归属,,,,,,自发,,低,—,"学生自己指出""需要写为什么 31.8% 不是反驳 25%"""
325,E167,内部批注,写作过程：P2 emissions段,4 产出与分析,"句子：This does not disprove the greening evidence; rather, it limits what greening can mean for planetary sustainability.",很好。,,,,,,,,,,引导·AI提示,R324,中,—,AI 直接给出该句措辞
326,E168,交互轮,写作过程：P2 emissions段,4 产出与分析,IEA那条0.5%要不要写？,可以写一句nuance，但不能让它抢走31.8%的主限制。,,,,,,,,,,自发,,低,—,
327,E168,内部批注,写作过程：P2 emissions段,4 产出与分析,"我写：The IEA reports a small 2025 decline in China’s energy-related CO2 emissions, but this is a short-term and narrower indicator.",稳。保留2025、energy-related、short-term/narrower。,,,,,,,,,,自发,,低,采纳(无理由),
328,E169,交互轮,写作过程：P2 emissions段,4 产出与分析,我想接一句：so China is improving but still not sustainable。,“not sustainable”还是太大。改成“the improvement does not remove the emissions-scale limitation”。,,,,,,,,,,自发,,低,—,
329,E170,内部批注,写作过程：P2 emissions段,4 产出与分析,"改成：Therefore, the trend adds nuance but does not remove the emissions-scale limitation.",可以。,,,,,,,,,,引导·AI提示,R328,中,采纳(无理由),措辞由 AI 供给并全盘采纳(0 次带理由的拒绝)
330,E171,交互轮,写作过程：P2 emissions段,4 产出与分析,"P2 v1：However, greening does not erase the climate pressure created by emissions. OWID’s chart, based on the Global Carbon Budget data chain, shows China at about 31.8% of annual global CO2 emissions in 2024. This does not disprove the greening evidence; rather, it limits what greening can mean for planetary sustainability. The IEA reports a small 2025 decline in China’s energy-related CO2 emissions, but this is a short-term and narrower indicator. Therefore, the trend adds nuance but does not remove the emissions-scale limitation.",P2很清楚。注意如果正文引用需要说明OWID/GCB，而不是把OWID和ESSD当两条独立证据。,,,,,,,,,,自发,,低,—,
331,E172,交互轮,写作过程：P2 emissions段,4 产出与分析,我数了一下P2大概90词，比我预算短。,短不一定坏。P3和P4可能需要空间。,,,,,,,,,,引导·AI提示,R330,中,—,
332,E173,交互轮,写作过程：P2 emissions段,4 产出与分析,我检查：没有写cumulative responsibility，也没有写per capita。,对。你可以在limit里一句承认这些口径重要但不展开。,,,,,,,,,,引导·AI提示,R331,中,—,
333,E174,交互轮,写作过程：P2 emissions段,4 产出与分析,加一句会不会太多：This essay does not settle per-capita or historical responsibility.,可以，但如果字数紧，可以放脚注/source log，不一定进正文。,,,,,,,,,,自发,,低,—,
334,E175,内部批注,写作过程：P3 impacts段,4 产出与分析,P3最难。我不能让孟加拉看起来像中国造成的。,对。P3的功能不是归因，而是说明为什么排放维度对sustainability判断重要。,主张追问,学生执行,待复核,★ 自动判据不足，需人工确认归属,,,,,,自发,,低,—,透镜标签不构成引导（v3 修订）
335,E175,内部批注,写作过程：P3 impacts段,4 产出与分析,topic sentence：The reason emissions matter is that climate change is not only an atmospheric number but also a human-risk problem.,这句比“human vulnerability”自然，而且和排放维度相连。,,,,,,,,,,自发,,低,—,
336,E176,交互轮,写作过程：P3 impacts段,4 产出与分析,"我写视频句：The Economist video presented cases from Bangladesh, Guatemala and Fiji to show how warming is experienced through migration, farming stress and island-community risk.",可以，但别写成视频证明科学机制。写“presented”可以。,,,,,,,,,,自发,,低,—,
337,E176,内部批注,写作过程：P3 impacts段,4 产出与分析,我没有逐字字幕，所以不写quote。,对。只转述你自己的观看笔记。,,,,,,,,,,自发,,低,—,
338,E176,内部批注,写作过程：P3 impacts段,4 产出与分析,"World Bank句：I then used a World Bank Bangladesh page to check the migration background, including the risk that 13.3 million people may become internal migrants over the next 30 years.",很好。保留may、internal、next 30 years。,数据三问,学生执行,待复核,★ 自动判据不足，需人工确认归属,,,,,,自发,,低,—,"源表未记录触发来源(5.1要件缺失),按3.2保守记引导"
339,E176,内部批注,写作过程：P3 impacts段,4 产出与分析,这句会不会让老师问孟加拉跟中国什么关系？,会。所以你要加定位句：it is not China-specific attribution evidence。,,,,,,,,,,自发,,低,—,
340,E176,内部批注,写作过程：P3 impacts段,4 产出与分析,定位句：This is not evidence that China caused those cases; it is evidence that planetary sustainability must include the consequences of climate instability.,这句很稳。,,,,,,,,,,自发,,低,—,
341,E177,交互轮,写作过程：P3 impacts段,4 产出与分析,但是“evidence that planetary sustainability must include”好像有点哲学。,可以改成更朴素：it explains why I include climate impacts in the judgment.,,,,,,,,,,自发,,低,—,
342,E178,内部批注,写作过程：P3 impacts段,4 产出与分析,"改成：It explains why I include climate impacts in the judgment, rather than judging sustainability only from vegetation.",更自然。,,,,,,,,,,引导·AI提示,R341,中,采纳(无理由),措辞由 AI 供给并全盘采纳(0 次带理由的拒绝)
343,E179,内部批注,写作过程：P3 impacts段,4 产出与分析,"P3 v1：The reason emissions matter is that climate change is not only an atmospheric number but also a human-risk problem. The Economist video presented cases from Bangladesh, Guatemala and Fiji to show how warming is experienced through migration, farming stress and island-community risk. Because video evidence can be emotional and selective, I checked the Bangladesh line with a World Bank page, which says 13.3 million people may become internal migrants over the next 30 years. This is not evidence that China caused those cases. It explains why I include climate impacts in the judgment, rather than judging sustainability only from vegetation.",这段逻辑现在通了。它把视频和World Bank放在impact-side context，不做中国归因。,,,,,,,,,,自发,,低,—,
344,E179,内部批注,写作过程：P3 impacts段,4 产出与分析,P3有点长，但我觉得必要。,可以保留，后面压缩语言。,,,,,,,,,,自发,,低,—,
345,E179,内部批注,写作过程：P3 impacts段,4 产出与分析,我想删Guatemala和Fiji，只留Bangladesh，因为正文800词。,可以。视频观看笔记保留三者，正文只写孟加拉更聚焦。,,,,,,,,,,自发,,低,—,
346,E179,内部批注,写作过程：P3 impacts段,4 产出与分析,"P3压缩版：The reason emissions matter is that climate change is not only an atmospheric number but also a human-risk problem. The Economist video helped me see this through cases of migration and community risk, but I used the World Bank’s Bangladesh page to check one background number: 13.3 million people may become internal migrants over the next 30 years. This is not China-specific attribution evidence. It explains why climate impacts belong in the sustainability judgment rather than leaving the essay at vegetation alone.",压缩后更适合正文，也更少跑题。,,,,,,,,,,自发,,低,—,
347,E180,内部批注,写作过程：P4 反方与政策段,4 产出与分析,P4我想处理反方，但我怕又开太多。,P4只做两个小动作：公平承认co2science窄主张；用MEE一句政策语境。Exxon不进正文。,,,,,,,,,,自发,,低,—,
348,E181,交互轮,写作过程：P4 反方与政策段,4 产出与分析,topic sentence：A fair answer should also avoid dismissing counterclaims too quickly.,可以，但P4还要回到你的结论，不要变成反方综述。,,,,,,,,,,自发,,低,—,
349,E182,交互轮,写作过程：P4 反方与政策段,4 产出与分析,co2science句：CO2Science argues that elevated CO2 can improve plant water-use efficiency.,可以，但最好写“presents the claim”而不是“argues”太正式。,,,,,,,,,,自发,,低,—,
350,E182,内部批注,写作过程：P4 反方与政策段,4 产出与分析,改：CO2Science presents the claim that elevated CO2 can improve plant water-use efficiency.,准确。,,,,,,,,,,自发,,低,—,
351,E182,内部批注,写作过程：P4 反方与政策段,4 产出与分析,让步句：This may be a real plant-level mechanism under some conditions.,很好。,,,,,,,,,,自发,,低,—,
352,E182,内部批注,写作过程：P4 反方与政策段,4 产出与分析,限制句：But it does not show that fossil-fuel emissions are harmless at system level.,很好。系统层级限制清楚。,,,,,,,,,,自发,,低,—,
353,E183,交互轮,写作过程：P4 反方与政策段,4 产出与分析,我想加co2science来源背景：我后来查到DeSmog、Greenpeace和Exxon线索。,"正文不建议展开。可以在research log写。正文最多说“the source was treated as a counterclaim trigger, not as core evidence”。",,,,,,,,,,自发,,低,—,
354,E183,内部批注,写作过程：P4 反方与政策段,4 产出与分析,那正文不写Exxon，只写我没有把co2science当核心证据。,对。Exxon会把文章带到公司气候传播史。,,,,,,,,,,自发,,低,—,
355,E184,交互轮,写作过程：P4 反方与政策段,4 产出与分析,MEE句：China’s official climate reports show policy effort and reporting mechanisms.,可以，但要小心“show policy effort”是否太笼统。写“provide policy context”更稳。,,,,,,,,,,自发,,低,—,
356,E184,内部批注,写作过程：P4 反方与政策段,4 产出与分析,"改：Chinese official climate reports provide policy context, but they are not independent outcome proof.",很稳。,,,,,,,,,,自发,,低,—,
357,E185,交互轮,写作过程：P4 反方与政策段,4 产出与分析,"P4 v1：A fair answer should also avoid dismissing counterclaims too quickly. CO2Science presents the claim that elevated CO2 can improve plant water-use efficiency, and this may be a real plant-level mechanism under some conditions. But it does not show that fossil-fuel emissions are harmless at system level, so I treat it as a counterclaim trigger rather than core evidence. Chinese official climate reports can provide policy context, but they are not independent outcome proof. Together, these materials keep the answer balanced without changing the main evidence structure.",P4功能清楚。但最后一句“balanced”可能像机械平衡。可以改成“bounded”。,,,,,,,,,,自发,,低,—,
358,E185,内部批注,写作过程：P4 反方与政策段,4 产出与分析,"改最后一句：Together, these materials keep the answer bounded rather than absolute.",比balanced更符合你的论证。,,,,,,,,,,自发,,低,采纳(无理由),措辞由 AI 供给并全盘采纳(0 次带理由的拒绝)
359,E186,交互轮,写作过程：P4 反方与政策段,4 产出与分析,如果MEE链接现在没有放进表里，那正文是不是先不要写MEE？,对。如果source log里没有具体MEE链接和打开理由，正文先删MEE，或者补链接后再用。,未打开来源红线,学生执行,高,学生自己提出 MEE 未入表则正文先不用,,,,,,自发,,低,—,透镜标签不构成引导（v3 修订）
360,E186,内部批注,写作过程：P4 反方与政策段,4 产出与分析,那我先做两个版本：P4a有MEE，P4b没有MEE。,很好。版本控制比硬塞来源更专业。,,,,,,,,,,自发,,低,—,
361,E186,内部批注,写作过程：P4 反方与政策段,4 产出与分析,"P4b：A fair answer should also avoid dismissing counterclaims too quickly. CO2Science presents the claim that elevated CO2 can improve plant water-use efficiency, and this may be a real plant-level mechanism under some conditions. But it does not show that fossil-fuel emissions are harmless at system level, so I treat it as a counterclaim trigger rather than core evidence.",如果MEE链接未补，P4b更安全。,,,,,,,,,,自发,,低,—,
362,E187,交互轮,写作过程：结论段,4 产出与分析,"Conclusion第一句：Overall, the answer is yes, but only in a limited sense.",可以，但“yes”要立即说明是哪个维度。,,,,,,,,,,自发,,低,—,
363,E187,内部批注,写作过程：结论段,4 产出与分析,"我写：Overall, China has helped make the Earth greener in one measurable sense: global net leaf-area increase.",稳。,,,,,,,,,,自发,,低,—,
364,E187,内部批注,写作过程：结论段,4 产出与分析,第二句：But greening cannot carry the whole meaning of sustainability.,很好。,,,,,,,,,,自发,,低,—,
365,E187,内部批注,写作过程：结论段,4 产出与分析,第三句：Its large current annual CO2 share and the reality of climate impacts keep the answer from becoming a full yes.,可以。,,,,,,,,,,自发,,低,—,
366,E187,内部批注,写作过程：结论段,4 产出与分析,"最后一句：The most defensible conclusion is therefore a qualified yes, not because the evidence is weak, but because it points in more than one direction.",非常好。它解释不是折中，而是证据结构。,结论边界检查,学生执行,待复核,★ 自动判据不足，需人工确认归属,,,,,,自发,,低,—,"源表未记录触发来源(5.1要件缺失),按3.2保守记引导"
367,E187,内部批注,写作过程：结论段,4 产出与分析,结论没有新来源。,合格。,,,,,,,,,,自发,,低,—,
368,E188,交互轮,写作过程：结论段,4 产出与分析,我想加一句未来中国如果继续减排会怎么样，但这会不会新开题？,会。除非你已有证据，否则结论不要预测。,,,,,,,,,,自发,,低,—,
369,E188,内部批注,写作过程：结论段,4 产出与分析,那我不加未来预测。,对。,,,,,,,,,,自发,,低,采纳(无理由),
370,E189,内部批注,写作过程：结论段,4 产出与分析,"Conclusion v1：Overall, China has helped make the Earth greener in one measurable sense: global net leaf-area increase. But greening cannot carry the whole meaning of sustainability. China’s large current annual CO2 share and the reality of climate impacts keep the answer from becoming a full yes. The most defensible conclusion is therefore a qualified yes, not because the evidence is weak, but because it points in more than one direction.",结论清楚，80词左右，可以保留。,,,,,,,,,,自发,,低,—,
371,E190,交互轮,写作过程：整文拼接,4 产出与分析,我现在把全文拼起来，先不管字数。,可以。拼接后检查三件事：段落顺序、证据承重、有没有新来源。,,,,,,,,,,自发,,低,—,
372,E191,内部批注,写作过程：整文拼接,4 产出与分析,全文v1大概是：Intro + P1 + P2 + P3压缩版 + P4b + Conclusion。,这个版本更安全，因为P4b暂不使用MEE。,,,,,,,,,,自发,,低,—,
373,E192,交互轮,写作过程：整文拼接,4 产出与分析,我现在统计大概：intro 74词，P1 105词，P2 82词，P3 85词，P4b 55词，conclusion 70词，加起来不到500词？,你估计偏低，实际英文词数可能也不够800。你可以扩展warrant和limitations，而不是增加新来源。,,,,,,,,,,自发,,低,—,
374,E193,交互轮,写作过程：整文拼接,4 产出与分析,我以为800词一定会爆，结果正文可能太短。,这是正常的。前面的source log很长，但正文只保留最小证据。你可以在每段增加解释句，而不是塞新材料。,,,,,,,,,,自发,,低,—,
375,E193,内部批注,写作过程：整文拼接,4 产出与分析,P1可以多解释为什么leaf area是可持续性的一个维度，但不是全部。,对。增加概念解释，不增加新来源。,,,,,,,,,,自发,,低,—,
376,E194,交互轮,写作过程：整文拼接,4 产出与分析,P2可以多解释annual share为什么适合planetary pressure。,可以，但仍承认它不是per capita或historical responsibility。,,,,,,,,,,自发,,低,—,
377,E194,内部批注,写作过程：整文拼接,4 产出与分析,P3可以多写为什么视频需要World Bank补强。,可以，这能展示媒介证据处理。,,,,,,,,,,自发,,低,—,
378,E194,内部批注,写作过程：整文拼接,4 产出与分析,P4可以多写为什么公平承认反方不等于接受反方结论。,很好。,,,,,,,,,,自发,,低,—,
379,E194,内部批注,写作过程：整文拼接,4 产出与分析,我先不追新来源，只扩展warrant。,这是正确扩写方式。,证据预算,学生执行,中,学生发言中含动作或判断,,,,,,自发,,低,—,"源表未记录触发来源(5.1要件缺失),按3.2保守记引导"
380,E195,内部批注,写作过程：扩展P1,4 产出与分析,"P1扩展句：Because sustainability concerns changes in the Earth system, a measurable increase in leaf area is relevant evidence, even if it is not sufficient evidence.",这句很好。它解释为什么P1相关，同时保留不足。,,,,,,,,,,自发,,低,—,
381,E195,内部批注,写作过程：扩展P1,4 产出与分析,我把这句放在P1开头后面。,可以。,,,,,,,,,,自发,,低,—,
382,E196,交互轮,写作过程：扩展P2,4 产出与分析,"P2扩展句：If sustainability includes climate stability, then a country’s current share of annual CO2 emissions matters even when that country also contributes to greening.",这句就是P2 warrant，建议保留。,论证解剖 / warrant,AI示范,中,学生未执行该动作，指令在本轮 AI 回复中,,,,,,自发,,低,—,透镜标签不构成引导（v3 修订）
383,E197,交互轮,写作过程：扩展P2,4 产出与分析,我还写：This essay does not settle whether historical or per-capita accounting would change the moral distribution of responsibility.,这个句子很专业，但可能太重。800词里可以简化。,,,,,,,,,,自发,,低,—,
384,E197,内部批注,写作过程：扩展P2,4 产出与分析,"简化：Other accounting methods, such as per-capita or historical emissions, would ask different questions.",更适合高中生文章。,,,,,,,,,,自发,,低,—,
385,E198,交互轮,写作过程：扩展P3,4 产出与分析,"P3扩展句：This is why the video is not used as scientific proof, but as a medium that shows what a climate-impact claim looks like in lived experience.",这句很好，但“lived experience”稍成熟，可以保留。,,,,,,,,,,自发,,低,—,
386,E199,内部批注,写作过程：扩展P4,4 产出与分析,"P4扩展句：A good counterargument should be answered at its strongest point, not dismissed because its source is uncomfortable.",非常好。这体现steelman。,反方最强化,学生执行,高,steelman 扩展句由学生写出,,,,,,自发,,低,—,透镜标签不构成引导（v3 修订）
387,E199,内部批注,写作过程：扩展P4,4 产出与分析,我接：The strongest point is that plants may respond positively to CO2 in some ways; the weak point is the jump from that mechanism to overall climate safety.,这句很扎实。,,,,,,,,,,自发,,低,—,
388,E200,交互轮,写作过程：扩展P4,4 产出与分析,这会不会太长？,如果字数接近800，可以压缩；但逻辑值得保留。,,,,,,,,,,自发,,低,—,
389,E201,交互轮,写作过程：整文v2,4 产出与分析,我把整文v2贴出来，先请你只检查claim有没有越界，不润色。,可以。只做越界检查。,AI克制 · 边界,学生执行,中,学生发言中含动作或判断,,,,,,自发,,低,—,"整文 v2 只查越界,不润色"
390,E202,交互轮,写作过程：整文v2,4 产出与分析,"Essay v2开头：Greenness is one of the most visible signs people associate with environmental improvement, but it is not the same as sustainability. A Nature Sustainability study introduced by NASA reports that China contributed disproportionately to global net leaf-area increase. However, sustainability also requires climate stability and attention to human consequences, not only vegetation metrics. Therefore, China has contributed to one measurable dimension of planetary sustainability, but the answer is only a qualified yes because emissions scale and climate impacts keep the overall judgment limited.",Intro没有越界。可以把“human consequences”改成“climate impacts on people”，更具体。,,,,,,,,,,自发,,低,—,
391,E203,交互轮,写作过程：整文v2,4 产出与分析,"P1 v2：A major positive line of evidence comes from satellite-based greening data. Because sustainability concerns changes in the Earth system, a measurable increase in leaf area is relevant evidence, even if it is not sufficient evidence. The Nature study reports that China contributed 25% of the global net increase in leaf area while having only 6.6% of global vegetated area. This comparison matters because the contribution is much larger than China’s share of vegetated land. It supports a strong claim that China made an unusually large contribution to global greening in leaf-area terms. Yet leaf area is not the same as biodiversity, carbon neutrality, or ecosystem health. Some greening may also involve managed croplands, so it should not be treated as pure ecological restoration.",P1很好。注意“China made”可以改成“China contributed to”，更符合因果边界。,,,,,,,,,,引导·AI提示,R390,中,—,
392,E203,内部批注,写作过程：整文v2,4 产出与分析,我把China made an unusually large contribution改成China contributed unusually strongly。,更稳。,,,,,,,,,,引导·AI提示,R390,中,采纳(无理由),措辞由 AI 供给并全盘采纳(0 次带理由的拒绝)
393,E204,内部批注,写作过程：整文v2,4 产出与分析,"P2 v2：However, greening does not erase the climate pressure created by emissions. If sustainability includes climate stability, then a country’s current share of annual CO2 emissions matters even when that country also contributes to greening. OWID’s chart, based on the Global Carbon Budget data chain, shows China at about 31.8% of annual global CO2 emissions in 2024. This does not disprove the greening evidence; rather, it limits what greening can mean for planetary sustainability. The IEA reports a small 2025 decline in China’s energy-related CO2 emissions, but this is a short-term and narrower indicator. Other accounting methods, such as per-capita or historical emissions, would ask different questions. Therefore, the trend adds nuance but does not remove the emissions-scale limitation.",P2非常清楚。最后两句都在做限制，可能可压缩。,,,,,,,,,,自发,,低,—,
394,E204,内部批注,写作过程：整文v2,4 产出与分析,"我压缩P2最后：The IEA’s small 2025 energy-related decline adds nuance, but it does not remove the emissions-scale limitation; per-capita or historical accounting would be separate questions.",压缩后仍保留边界。,,,,,,,,,,自发,,低,—,
395,E205,交互轮,写作过程：整文v2,4 产出与分析,"P3 v2：The reason emissions matter is that climate change is not only an atmospheric number but also a human-risk problem. The Economist video helped me see this through cases of migration and community risk, but I used the World Bank’s Bangladesh page to check one background number: 13.3 million people may become internal migrants over the next 30 years. This is not China-specific attribution evidence. It explains why climate impacts belong in the sustainability judgment rather than leaving the essay at vegetation alone. The video is therefore not scientific proof, but a medium that shows what a climate-impact claim looks like in lived experience.",P3功能清楚。最后一句略抽象，但能解释媒介功能。,,,,,,,,,,自发,,低,—,
396,E206,交互轮,写作过程：整文v2,4 产出与分析,我担心P3第一句“human-risk problem”有点生硬。,可以改成“a risk for people’s lives and choices”。,,,,,,,,,,自发,,低,—,
397,E206,内部批注,写作过程：整文v2,4 产出与分析,改：climate change is not only an atmospheric number; it changes people’s lives and choices.,更自然。,,,,,,,,,,自发,,低,采纳(无理由),措辞由 AI 供给并全盘采纳(0 次带理由的拒绝)
398,E207,内部批注,写作过程：整文v2,4 产出与分析,"P4 v2：A fair answer should also avoid dismissing counterclaims too quickly. CO2Science presents the claim that elevated CO2 can improve plant water-use efficiency, and this may be a real plant-level mechanism under some conditions. A good counterargument should be answered at its strongest point, not dismissed because its source is uncomfortable. The strongest point is that plants may respond positively to CO2 in some ways; the weak point is the jump from that mechanism to overall climate safety. For that reason, I treat CO2Science as a counterclaim trigger rather than core evidence.",P4很好。没有用Exxon正文，避免跑题。,,,,,,,,,,自发,,低,—,
399,E208,交互轮,写作过程：整文v2,4 产出与分析,"Conclusion v2：Overall, China has helped make the Earth greener in one measurable sense: global net leaf-area increase. But greening cannot carry the whole meaning of sustainability. China’s large current annual CO2 share and the reality of climate impacts keep the answer from becoming a full yes. The most defensible conclusion is therefore a qualified yes, not because the evidence is weak, but because it points in more than one direction.",结论稳。可以把“helped make the Earth greener”改成“contributed to global greening”，更符合前文。,,,,,,,,,,自发,,低,—,
400,E208,内部批注,写作过程：整文v2,4 产出与分析,"改：Overall, China has contributed to global greening in one measurable sense: net leaf-area increase.",更精确。,,,,,,,,,,自发,,低,采纳(无理由),措辞由 AI 供给并全盘采纳(0 次带理由的拒绝)
401,E209,内部批注,写作过程：字数与删改,4 产出与分析,现在我估计全文大概750-850词之间。我要做删改，但不能删guardrail。,对。删背景，不删边界。,,,,,,,,,,自发,,低,—,
402,E210,内部批注,写作过程：字数与删改,4 产出与分析,我先删intro里的“one of the most visible signs people associate with”，改短。,可以。,,,,,,,,,,自发,,低,—,
403,E210,内部批注,写作过程：字数与删改,4 产出与分析,"Intro开头改成：Greenness can look like environmental improvement, but it is not the same as sustainability.",更短。,,,,,,,,,,自发,,低,—,
404,E211,交互轮,写作过程：字数与删改,4 产出与分析,P1里“The Nature study reports”要不要加citation形式？,在正文里用简短括注或脚注按老师要求；过程表已经有链接。不要让引用形式吃太多字。,,,,,,,,,,自发,,低,—,
405,E212,交互轮,写作过程：字数与删改,4 产出与分析,我删P1里“Because sustainability concerns changes in the Earth system”吗？,不建议全删，它是P1为什么相关的warrant。可以压短成“Leaf area is relevant but not sufficient.”,,,,,,,,,,自发,,低,—,
406,E212,内部批注,写作过程：字数与删改,4 产出与分析,P1改：Leaf area is relevant but not sufficient.,很省字。,,,,,,,,,,自发,,低,采纳(无理由),
407,E212,内部批注,写作过程：字数与删改,4 产出与分析,P2里per-capita/historical那句我不放正文，只放source log limitation。,可以，正文更聚焦。,,,,,,,,,,自发,,低,—,
408,E213,交互轮,写作过程：字数与删改,4 产出与分析,P3里The Economist那句我只写Bangladesh，不列Guatemala和Fiji。,合理。你看过三者，但正文只放可被World Bank补强的一条。,,,,,,,,,,自发,,低,—,
409,E213,内部批注,写作过程：字数与删改,4 产出与分析,P4里“A good counterargument should be answered...”这句我想保留，因为它解释为什么我不直接排除co2science。,可以保留，它是方法句。,,,,,,,,,,自发,,低,—,
410,E214,交互轮,写作过程：字数与删改,4 产出与分析,我删“not dismissed because its source is uncomfortable”，感觉有点情绪。,可以改短：not dismissed by source background alone。,,,,,,,,,,自发,,低,—,
411,E214,内部批注,写作过程：字数与删改,4 产出与分析,"P4改：A good counterargument should be answered at its strongest point, not dismissed by source background alone.",更学术，也更符合不动机攻击。,,,,,,,,,,自发,,低,—,
412,E215,交互轮,写作过程：最终正文草稿,4 产出与分析,我现在贴最终正文草稿v3，请你只做红线检查，不帮我重写。,可以。只检查：未打开来源、视频代看、过度结论、口径混淆、来源堆叠。,,,,,,,,,,自发,,低,—,final draft 只做红线检查
413,E216,交互轮,写作过程：最终正文草稿,4 产出与分析,"Final essay draft v3：Greenness can look like environmental improvement, but it is not the same as sustainability. A Nature Sustainability study introduced by NASA reports that China contributed disproportionately to global net leaf-area increase. However, sustainability also requires climate stability and climate impacts on people, not only vegetation metrics. Therefore, China has contributed to one measurable dimension of planetary sustainability, but the answer is only a qualified yes because emissions scale and climate impacts keep the overall judgment limited.",Intro红线通过。没有未打开来源或过度结论。,,,,,,,,,,自发,,低,—,
414,E217,内部批注,写作过程：最终正文草稿,4 产出与分析,"P1 final：A major positive line of evidence comes from satellite-based greening data. Leaf area is relevant but not sufficient. The Nature study reports that China contributed 25% of the global net increase in leaf area while having only 6.6% of global vegetated area. This comparison matters because the contribution is much larger than China’s share of vegetated land. It supports the claim that China contributed unusually strongly to global greening in leaf-area terms. Yet leaf area is not biodiversity, carbon neutrality, or ecosystem health. Some greening may also involve managed croplands, so it should not be treated as pure ecological restoration.",P1通过。保留了25%、6.6%、net leaf-area、limit。,,,,,,,,,,自发,,低,—,
415,E218,内部批注,写作过程：最终正文草稿,4 产出与分析,"P2 final：However, greening does not erase the climate pressure created by emissions. If sustainability includes climate stability, then a country’s current share of annual CO2 emissions matters even when that country also contributes to greening. OWID’s chart, based on the Global Carbon Budget data chain, shows China at about 31.8% of annual global CO2 emissions in 2024. This does not disprove the greening evidence; rather, it limits what greening can mean for planetary sustainability. The IEA’s small 2025 energy-related decline adds nuance, but it does not remove the emissions-scale limitation.",P2通过。31.8%是annual CO2 share；IEA是nuance。,,,,,,,,,,自发,,低,—,
416,E219,内部批注,写作过程：最终正文草稿,4 产出与分析,"P3 final：The reason emissions matter is that climate change is not only an atmospheric number; it changes people’s lives and choices. The Economist video helped me see this through a migration case, but I used the World Bank’s Bangladesh page to check one background number: 13.3 million people may become internal migrants over the next 30 years. This is not China-specific attribution evidence. It explains why climate impacts belong in the sustainability judgment rather than leaving the essay at vegetation alone. The video is therefore not scientific proof, but a medium that shows what a climate-impact claim looks like in lived experience.",P3通过。它把Bangladesh定位为impact-side context，不作中国归因。,,,,,,,,,,自发,,低,—,
417,E220,内部批注,写作过程：最终正文草稿,4 产出与分析,"P4 final：A fair answer should also avoid dismissing counterclaims too quickly. CO2Science presents the claim that elevated CO2 can improve plant water-use efficiency, and this may be a real plant-level mechanism under some conditions. A good counterargument should be answered at its strongest point, not dismissed by source background alone. The strongest point is that plants may respond positively to CO2 in some ways; the weak point is the jump from that mechanism to overall climate safety. For that reason, I treat CO2Science as a counterclaim trigger rather than core evidence.",P4通过。公平承认窄机制，没有用来源背景直接判假。,,,,,,,,,,自发,,低,—,
418,E221,内部批注,写作过程：最终正文草稿,4 产出与分析,"Conclusion final：Overall, China has contributed to global greening in one measurable sense: net leaf-area increase. But greening cannot carry the whole meaning of sustainability. China’s large current annual CO2 share and the reality of climate impacts keep the answer from becoming a full yes. The most defensible conclusion is therefore a qualified yes, not because the evidence is weak, but because it points in more than one direction.",结论通过。没有新证据，没有full yes/no跳跃。,,,,,,,,,,自发,,低,—,
419,E221,内部批注,写作过程：最终正文草稿,4 产出与分析,我估计这个版本大概750词左右。,可以。800词任务通常允许上下浮动一点，最终按老师要求再精确统计。,,,,,,,,,,自发,,低,—,
420,E222,交互轮,写作过程：最终正文草稿,4 产出与分析,如果必须接近800，我可以加一句per capita/historical limitation吗？,可以，但那会新开复杂口径。更建议把现有warrant略扩，不新增核算争议。,,,,,,,,,,自发,,低,—,
421,E222,内部批注,写作过程：最终正文草稿,4 产出与分析,那我不加新口径，保持集中。,对。,,,,,,,,,,自发,,低,采纳(无理由),
422,E222,内部批注,写作过程：最终正文草稿,4 产出与分析,我做最终自查：正文没有公众号，没有DeSmog/Greenpeace/Exxon，没有MEE，因为它们都不该进正文核心。,这体现了证据预算。过程日志保留它们，正文保留核心论证。,,,,,,,,,,自发,,低,—,
423,E222,内部批注,写作过程：最终正文草稿,4 产出与分析,我把DeSmog/Greenpeace/Exxon只放research log，不放essay正文。,正确。,,,,,,,,,,自发,,低,—,
424,E222,内部批注,写作过程：最终正文草稿,4 产出与分析,我把NASA放intro一句，但P1数据来源写Nature。,可以。NASA是引出研究的机构摘要，Nature承重。,,,,,,,,,,自发,,低,—,
425,E222,内部批注,写作过程：最终正文草稿,4 产出与分析,我把The Economist视频和World Bank一起用，不让视频单独承重。,很好。,,,,,,,,,,自发,,低,—,
426,E222,内部批注,写作过程：最终正文草稿,4 产出与分析,我把co2science作为一句反方让步，不作为事实主证。,很好。,,,,,,,,,,自发,,低,—,
427,E223,交互轮,Review：审阅边界,5 反馈与修订,我现在进入review阶段。你帮我做下检查清单和追问。,可以。review只做三件事：查claim有没有越界、查证据有没有错位、查AI使用有没有越界。你自己决定改不改。,AI克制 · 边界,学生执行,待复核,★ 自动判据不足，需人工确认归属,,,,,,自发,,低,—,透镜标签不构成引导（v3 修订）
428,E223,内部批注,Review：审阅边界,5 反馈与修订,我不想把review变成润色。我现在要检查的是：这篇文章能不能经得起老师问“为什么这么写”。,这个定位对。review不是polish，而是defense readiness。,,,,,,,,,,自发,,低,—,
429,E224,交互轮,Review：审阅边界,5 反馈与修订,我先列review顺序：1 claim review，2 evidence review，3 citation/paraphrase review，4 AI use review，5 final package review。,顺序合理。先查结论，再查支撑，再查伦理和提交包。,,,,,,,,,,自发,,低,—,review 顺序由学生列出
430,E225,交互轮,Review：审阅边界,5 反馈与修订,我还加一条：review过程中不能加新来源，除非我真的打开并放进source log。,很好。review阶段最容易因为焦虑继续塞来源，这条能防止失控。,未打开来源红线,AI示范,中,学生未执行该动作，指令在本轮 AI 回复中,,,,,,自发,,低,—,review 不加新来源
431,E225,内部批注,Review：审阅边界,5 反馈与修订,如果发现某个来源我之前提过但没有链接，那它只能被标成candidate，不能当作used source。,准确。source status要比“我记得我看过”更硬。,,,,,,,,,,自发,,低,—,
432,E226,交互轮,Review：claim审查,5 反馈与修订,Claim review第一问：我的final thesis有没有回答原题Did China make the Earth become more sustainable？,你先自己答，不要让我替你判。,主张追问,AI示范,中,学生未执行该动作，指令在本轮 AI 回复中,,,,,,自发,,低,—,透镜标签不构成引导（v3 修订）
433,E227,交互轮,Review：claim审查,5 反馈与修订,我的回答：它没有直接说full yes，而是把make改成contributed to，把more sustainable限定成one measurable dimension plus limitations。,这说明你没有逃避原题，而是把原题改成可证据化的版本。,,,,,,,,,,自发,,低,—,
434,E228,内部批注,Review：claim审查,5 反馈与修订,"我检查final thesis：China has contributed to one measurable dimension of planetary sustainability, but the answer is only a qualified yes。",这句有三个guardrail：contributed、one measurable dimension、qualified yes。,,,,,,,,,,自发,,低,—,
435,E228,内部批注,Review：claim审查,5 反馈与修订,我问自己：qualified yes是不是太弱？,看证据结构，不看语气强弱。你有强正面证据，也有强限制证据。,,,,,,,,,,自发,,低,—,
436,E228,内部批注,Review：claim审查,5 反馈与修订,所以review结果：不能改成full yes，因为31.8% annual CO2 share和climate impacts会顶回来。,对，full yes越过了排放和影响证据。,,,,,,,,,,自发,,低,—,
437,E228,内部批注,Review：claim审查,5 反馈与修订,也不能改成no，因为Nature的25% leaf-area net increase不能被排放数据直接抹掉。,对。no会抹去greening维度的正面证据。,,,,,,,,,,自发,,低,—,
438,E228,内部批注,Review：claim审查,5 反馈与修订,"我把claim review结论写成：The conclusion is limited, not because the evidence is weak, but because the indicators point in different directions。",这句话可以进入reflection或答辩，不一定进正文。,,,,,,,,,,自发,,低,—,
439,E229,交互轮,Review：段落功能审查,5 反馈与修订,Paragraph review：Intro负责定义greenness不等于sustainability，不负责讲材料故事。,合格。Intro不能塞公众号和Exxon。,段落功能检查,AI示范,中,学生未执行该动作，指令在本轮 AI 回复中,,,,,,自发,,低,—,透镜标签不构成引导（v3 修订）
440,E229,内部批注,Review：段落功能审查,5 反馈与修订,P1负责positive evidence：Nature的25%和6.6%。,合格。P1只承重global net leaf-area increase。,,,,,,,,,,自发,,低,—,
441,E229,内部批注,Review：段落功能审查,5 反馈与修订,P2负责limiting evidence：OWID/GCB的31.8% annual CO2 share，加IEA作nuance。,合格。P2不是推翻P1，而是限制P1能推出的范围。,,,,,,,,,,自发,,低,—,
442,E230,交互轮,Review：段落功能审查,5 反馈与修订,P3负责impact-side context：The Economist视频和World Bank孟加拉数字。,合格，但要一直记住：不是China-specific attribution evidence。,,,,,,,,,,自发,,低,—,
443,E230,内部批注,Review：段落功能审查,5 反馈与修订,P4负责counterclaim：co2science的CO2/WUE窄主张。,合格。它只是一句让步，不是核心证据。,,,,,,,,,,自发,,低,—,
444,E231,交互轮,Review：段落功能审查,5 反馈与修订,Conclusion负责回答extent，不加新来源。,合格。结论不能突然加入政策预测。,,,,,,,,,,自发,,低,—,
445,E232,交互轮,Review：段落功能审查,5 反馈与修订,我检查每段有没有同一个来源重复承重：NASA没有和Nature重复投票，OWID没有和ESSD重复投票。,这个检查很专业：同一数据链不能包装成两票。,证据预算,学生执行·AI先示范,中,学生执行；前一轮 R444 的 AI 已提示该动作,,,,,,自发,,低,—,透镜标签不构成引导（v3 修订）
446,E233,内部批注,Review：证据审查,5 反馈与修订,Source review第一条：微信公众号：https://mp.weixin.qq.com/s/vW5lj-Q4QXK17_JdhWUOxA。状态是origin only。,对。它解释你怎么进入问题，不证明最终结论。,,,,,,,,,,自发,,低,—,
447,E234,交互轮,Review：证据审查,5 反馈与修订,NASA：https://www.nasa.gov/centers-and-facilities/ames/human-activity-in-china-and-india-dominates-the-greening-of-earth-nasa-study-shows/。状态是bridge source。,对。NASA引到Nature，但不是P1核心数据。,,,,,,,,,,自发,,低,—,
448,E234,内部批注,Review：证据审查,5 反馈与修订,Nature：https://www.nature.com/articles/s41893-019-0220-7。状态是P1 core evidence。,对。它承重的是China-specific greening数字。,,,,,,,,,,自发,,低,—,
449,E234,内部批注,Review：证据审查,5 反馈与修订,ESSD/GCB：https://essd.copernicus.org/articles/17/965/2025/。状态是data provenance。,对。它说明排放数据链来源，不是和OWID重复投票。,,,,,,,,,,自发,,低,—,
450,E234,内部批注,Review：证据审查,5 反馈与修订,OWID annual share chart：https://ourworldindata.org/grapher/annual-share-of-co2-emissions?country=~CHN。状态是P2 core limiting evidence。,对。保留annual、CO2、2024。,,,,,,,,,,自发,,低,—,
451,E235,交互轮,Review：证据审查,5 反馈与修订,OWID China profile：https://ourworldindata.org/profile/co2/china。状态是background for other accounting methods，不进正文展开。,对。per capita和historical responsibility可以作为limit，不要新开一段。,,,,,,,,,,自发,,低,—,
452,E236,交互轮,Review：证据审查,5 反馈与修订,IEA：https://www.iea.org/reports/global-energy-review-2026/co2-emissions。状态是trend nuance。,对。2025 energy-related decline不能推翻2024 annual share。,,,,,,,,,,自发,,低,—,
453,E236,内部批注,Review：证据审查,5 反馈与修订,The Economist视频：https://www.youtube.com/watch?v=uynhvHZUOOo。状态是second medium / illustrative human impact。,对。AI没有代看；你用自己的观看笔记。,,,,,,,,,,自发,,低,—,
454,E236,内部批注,Review：证据审查,5 反馈与修订,World Bank孟加拉页面：https://www.worldbank.org/en/news/feature/2022/10/31/key-highlights-country-climate-and-development-report-for-bangladesh。状态是P3 background corroboration。,对。保留may、internal、next 30 years。,,,,,,,,,,自发,,低,—,
455,E236,内部批注,Review：证据审查,5 反馈与修订,反方YouTube：https://www.youtube.com/watch?v=axAOTVq6cxM。状态是counterclaim入口，不直接引用。,对。推荐流视频本身不做正文证据。,,,,,,,,,,自发,,低,—,
456,E236,内部批注,Review：证据审查,5 反馈与修订,co2science WUE页面：https://www.co2science.org/video/confirmed/wue.php。状态是counterclaim trigger。,对。只承认窄机制，不承认系统层结论。,,,,,,,,,,自发,,低,—,
457,E237,交互轮,Review：证据审查,5 反馈与修订,co2science About/Mission/Staff：https://www.co2science.org/about/aboutus.php、https://www.co2science.org/about/mission.php、https://www.co2science.org/about/center_staff.php。状态是identity check。,对。自我介绍不能代替外部验证。,,,,,,,,,,自发,,低,—,
458,E238,交互轮,Review：证据审查,5 反馈与修订,DeSmog：https://www.desmog.com/center-study-carbon-dioxide-and-global-change/。状态是external lead，不是final proof。,对。它帮助你横向阅读，但正文不依赖它。,,,,,,,,,,自发,,低,—,
459,E239,交互轮,Review：证据审查,5 反馈与修订,Greenpeace：https://www.greenpeace.org/usa/climate/climate-deniers/front-groups/center-for-the-study-of-carbon-dioxide-and-global-change/。状态也是external lead，不进正文。,对。外部批评材料不能直接替代你自己的来源判断。,,,,,,,,,,自发,,低,—,
460,E239,内部批注,Review：证据审查,5 反馈与修订,Science Exxon论文：https://www.science.org/doi/10.1126/science.abk0063 和 InsideClimateNews：https://insideclimatenews.org/project/exxon-the-road-not-taken/。状态是rabbit hole log。,对。它们属于公司气候传播史，不是本文主轴。,,,,,,,,,,自发,,低,—,
461,E240,交互轮,Review：证据审查,5 反馈与修订,我发现一个问题：MEE之前被提到过，但这版表里没有具体MEE URL。,这是review应该抓出来的问题。当前版本不能把MEE列成used source。,未打开来源红线,学生执行,高,★ 自行发现 MEE 无 URL,,,,,,自发,,低,—,★ 自行发现 MEE 无 URL
462,E241,交互轮,Review：证据审查,5 反馈与修订,所以MEE在这个版本里只能写candidate / removed from body，不能在正文或答辩里说我已经用了MEE报告。,准确。除非补齐具体链接和打开理由，否则不要当作提交来源。,,,,,,,,,,自发,,低,—,自行降级 MEE
463,E242,内部批注,Review：数据口径审查,5 反馈与修订,Data review：25%指中国贡献全球净叶面积增加，不是中国占全球总叶面积25%。,对。net increase和total stock要分开。,数据三问,学生执行,待复核,★ 自动判据不足，需人工确认归属,,,,,,自发,,低,—,透镜标签不构成引导（v3 修订）
464,E242,内部批注,Review：数据口径审查,5 反馈与修订,6.6%指中国占全球植被面积，不是中国占全球土地面积。,对。vegetated area不是all land。,,,,,,,,,,自发,,低,—,
465,E243,交互轮,Review：数据口径审查,5 反馈与修订,31.8%指2024 annual global CO2 emissions share，不是历史累计，也不是所有污染。,对。annual、CO2、2024都不能丢。,,,,,,,,,,自发,,低,—,
466,E243,内部批注,Review：数据口径审查,5 反馈与修订,IEA的0.5%小幅下降是2025 energy-related CO2趋势，不是中国已经解决排放。,对。它是nuance，不是反转证据。,,,,,,,,,,自发,,低,—,
467,E244,交互轮,Review：数据口径审查,5 反馈与修订,World Bank的13.3 million是未来30年may become internal migrants，不是已经发生，也不是中国造成。,对。这条特别容易被老师追问。,,,,,,,,,,自发,,低,—,
468,E244,内部批注,Review：数据口径审查,5 反馈与修订,co2science的WUE是plant-level mechanism，不是system-level climate safety。,对。这个就是P4的核心边界。,,,,,,,,,,自发,,低,—,
469,E244,内部批注,Review：数据口径审查,5 反馈与修订,我把数据审查结果写成一句：Numbers do not cancel each other; they define the scope of the claim。,这句很适合放reflection。,,,,,,,,,,自发,,低,—,
470,E245,内部批注,Review：引用与转述审查,5 反馈与修订,Citation review：我不直接引用公众号正文，只在source log写它触发了问题。,合格。,引用审计,学生执行,待复核,★ 自动判据不足，需人工确认归属,,,,,,自发,,低,—,透镜标签不构成引导（v3 修订）
471,E245,内部批注,Review：引用与转述审查,5 反馈与修订,Nature我用转述，不长引用，保留25%、6.6%、net leaf-area increase。,合格。数字型证据更适合准确转述。,,,,,,,,,,自发,,低,—,
472,E245,内部批注,Review：引用与转述审查,5 反馈与修订,OWID/GCB我写成同一数据链，不写成两个独立来源证明同一个数字。,合格。避免source stacking。,,,,,,,,,,自发,,低,—,
473,E246,交互轮,Review：引用与转述审查,5 反馈与修订,The Economist视频我不写直接引号，因为我没有逐字字幕。,合格。没有字幕核验就不要制造quote。,,,,,,,,,,自发,,低,—,
474,E246,内部批注,Review：引用与转述审查,5 反馈与修订,World Bank数字我保留may become/internal/next 30 years。,合格。情态词和时间范围是证据的一部分。,,,,,,,,,,自发,,低,—,
475,E246,内部批注,Review：引用与转述审查,5 反馈与修订,co2science我只概括它的主张，不复制长句。,合格。尤其反方来源更要避免断章取义。,,,,,,,,,,自发,,低,—,
476,E246,内部批注,Review：引用与转述审查,5 反馈与修订,DeSmog/Greenpeace/Science/InsideClimateNews不进入正文引用，只进入rabbit hole log。,合格。正文和过程日志分工清楚。,,,,,,,,,,自发,,低,—,
477,E247,内部批注,Review：AI使用审查,5 反馈与修订,AI use review：AI有没有直接给我一堆我没打开的链接？,从当前对话看，核心链接都出现在你的学生发言里；MEE是例外风险，因为没有具体URL，所以已标为removed/candidate。,AI伦理审计,学生执行,高,AI use review 由学生发起,,,,,,自发,,低,—,透镜标签不构成引导（v3 修订）
478,E248,交互轮,Review：AI使用审查,5 反馈与修订,AI有没有替我看YouTube？,没有。AI明确说不能直接观看视频，你自己看完后提供观看笔记。,,,,,,,,,,自发,,低,—,
479,E249,交互轮,Review：AI使用审查,5 反馈与修订,AI有没有替我写最终正文？,没有。你贴了v2和v3，AI做的是越界检查和红线检查。,,,,,,,,,,自发,,低,—,
480,E250,交互轮,Review：AI使用审查,5 反馈与修订,AI有没有替我决定结论？,没有。AI多次追问边界，但qualified yes是你根据证据自己收束出来的。,,,,,,,,,,自发,,低,—,
481,E250,内部批注,Review：AI使用审查,5 反馈与修订,AI有没有预测分数？,没有。这里没有让AI预测官方分。,,,,,,,,,,自发,,低,—,
482,E250,内部批注,Review：AI使用审查,5 反馈与修订,"我在AI use statement里写：AI was used for search-term clarification, source-function checking, warrant checking, overclaim review, and defense questions。",可以。这个写法说明AI是过程工具，不是代写者。,,,,,,,,,,自发,,低,—,
483,E251,内部批注,Review：AI使用审查,5 反馈与修订,"我还写not used for：unopened citations, invented video details, final essay ghostwriting, score prediction, reflection writing。",这条很重要，尤其reflection必须学生自己写。,,,,,,,,,,自发,,低,—,
484,E252,交互轮,Review：同伴/老师视角,5 反馈与修订,我模拟同伴review第一条：孟加拉为什么在中国题目里？,这是好问题。你先用一句话回答。,主张追问,学生执行,高,模拟同伴 review 问题由学生提出,,,,,,自发,,低,—,透镜标签不构成引导（v3 修订）
485,E252,内部批注,Review：同伴/老师视角,5 反馈与修订,我的回答：孟加拉不是中国归因证据，它只是说明为什么emissions dimension会影响planetary sustainability判断。,合格。这个回答可以用于P3答辩。,,,,,,,,,,自发,,低,—,
486,E253,交互轮,Review：同伴/老师视角,5 反馈与修订,第二条：为什么不是直接写中国让地球变绿了？,你先答。,,,,,,,,,,自发,,低,—,
487,E254,交互轮,Review：同伴/老师视角,5 反馈与修订,因为变绿要限定成leaf-area terms，而且NASA最明显的one-third是China and India combined。中国单独的核心数字来自Nature的25%。,合格。你区分了NASA桥接和Nature承重。,,,,,,,,,,自发,,低,—,
488,E255,交互轮,Review：同伴/老师视角,5 反馈与修订,第三条：为什么不用Exxon写正文？这个故事很有冲击力。,你先答。,,,,,,,,,,自发,,低,—,
489,E255,内部批注,Review：同伴/老师视角,5 反馈与修订,因为Exxon会把题目转成fossil-fuel corporate communication。我的800词主线是China、greening、emissions、impacts，所以它只能在rabbit hole log。,合格。冲击力不是相关性。,,,,,,,,,,自发,,低,—,
490,E255,内部批注,Review：同伴/老师视角,5 反馈与修订,第四条：为什么MEE不写正文？,这条要根据当前版本诚实回答。,,,,,,,,,,自发,,低,—,
491,E255,内部批注,Review：同伴/老师视角,5 反馈与修订,因为当前表里没有MEE具体URL和打开理由。它可以是未来补充的policy context，但这个版本不能把它当已采用来源。,合格。这个回答比硬说“我用了MEE”更专业。,,,,,,,,,,自发,,低,—,
492,E256,内部批注,Review：最终修改日志,5 反馈与修订,Review发现需要改的第一处：后面答辩里不能再出现Nature，只能写Nature。,对。当前可见链接只有Nature，没有PMC。,事实标签修正,学生执行,待复核,★ 自动判据不足，需人工确认归属,,,,,,自发,,低,—,透镜标签不构成引导（v3 修订）
493,E256,内部批注,Review：最终修改日志,5 反馈与修订,Review发现需要改的第二处：MEE答辩要改成“为什么没有进入正文”，不是“为什么可以出现”。,对。这样和source log状态一致。,,,,,,,,,,自发,,低,—,
494,E256,内部批注,Review：最终修改日志,5 反馈与修订,Review发现需要保留的东西：P3里This is not China-specific attribution evidence不能删。,对。这是P3防误用的核心guardrail。,,,,,,,,,,自发,,低,—,
495,E256,内部批注,Review：最终修改日志,5 反馈与修订,Review发现需要保留的东西：P4里counterclaim trigger rather than core evidence不能删。,对。这是反方来源功能边界。,,,,,,,,,,自发,,低,—,
496,E256,内部批注,Review：最终修改日志,5 反馈与修订,Review发现可以删的东西：The Economist 1843年、Exxon背景、MEE政策细节都不进正文。,对。正文要集中，过程日志可以保留路径。,,,,,,,,,,自发,,低,—,
497,E257,交互轮,Review：最终修改日志,5 反馈与修订,Review最后结论：正文可以进入专业答辩，但答辩问题要按review后的source status更新。,很好。下一步进入专业答辩。,review通过,学生执行,高,review 通过判断由学生给出,,,,,,自发,,低,—,透镜标签不构成引导（v3 修订）
498,E258,交互轮,专业答辩,6 展示/答辩/反思,我现在进入最终专业答辩模拟。请你像老师一样连续追问我每个来源的使用理由、证据功能和边界。,可以。我只追问，不替你答。第一问：为什么不用微信公众号做正文证据？,,,,,,,,,,自发,,低,—,主动要求老师式追问
499,E259,交互轮,专业答辩,6 展示/答辩/反思,我会这样说：我把它放在source log，不放正文。理由是它是我的真实起点，能说明我是怎么进入问题的，但它不是原始研究，也没有给我足够清楚的数据口径。它最多能证明这个说法在中文平台被传播过，不能证明NASA原意、不能证明中国单独贡献，也不能证明地球更可持续。,这个回答能回到来源功能和边界。下一问：为什么NASA不是核心正面证据？,,,,,,,,,,自发,,低,—,"讲稿层(「我会这样说…」),非临场口头证据;按6.3不可作口头防守采证"
500,E260,交互轮,专业答辩,6 展示/答辩/反思,这里我先承认它的边界：NASA页面权威性高，但我把它定位成bridge source。它帮助我确认公众号线索确实对应NASA Ames文章，也把我带到Nature Sustainability论文；但NASA是公众摘要，最显眼的one-third是China and India combined，不是China alone。所以正文如果空间有限，我不用NASA做核心数据，只在过程材料里保留它的追源功能。,这个回答能回到来源功能和边界。下一问：为什么Nature页面要保留？,,,,,,,,,,自发,,低,—,"讲稿层(「我会这样说…」),非临场口头证据;按6.3不可作口头防守采证"
501,E261,交互轮,专业答辩,6 展示/答辩/反思,我会解释成这样：Nature页面是同行评议论文的出版社页面，能确认论文身份、题名、期刊和研究类型。它的功能是把NASA新闻稿提升到peer-reviewed research article层级。它能支持greening这条主线，但我不会只因为Nature名气大就直接下结论，还要结合全文确认具体数字和口径。,这个回答能回到来源功能和边界。下一问：为什么全文是核心？,,,,,,,,,,自发,,低,—,"讲稿层(「我会这样说…」),非临场口头证据;按6.3不可作口头防守采证"
502,E262,交互轮,专业答辩,6 展示/答辩/反思,这条我不会硬撑，我会说：原文里面我能查到China-specific数据，比如中国贡献全球净叶面积增加25%，同时只占全球植被面积6.6%。这个证据适合P1，因为它能证明中国在global greening这个可测指标上贡献突出。但它不能证明生物多样性、碳中和或整体可持续，所以我的claim必须限定在leaf-area greening。,这个回答能回到来源功能和边界。下一问：为什么OWID可以用？,,,,,,,,,,自发,,低,—,"讲稿层(「我会这样说…」),非临场口头证据;按6.3不可作口头防守采证"
503,E263,交互轮,专业答辩,6 展示/答辩/反思,我会这样区分：OWID适合正文P2，因为它把Global Carbon Budget数据可视化，能让我读到中国在2024年全球年度CO2排放中的份额约31.8%。它的功能是限制greening外推：即使中国在叶面积上贡献突出，当前年度排放规模仍然会影响planetary sustainability判断。但我会注明annual share，不写成历史累计责任或人均责任。,这个回答能回到来源功能和边界。下一问：为什么ESSD/GCB不是和OWID并列的另一条独立证据？,,,,,,,,,,自发,,低,—,"讲稿层(「我会这样说…」),非临场口头证据;按6.3不可作口头防守采证"
504,E264,交互轮,专业答辩,6 展示/答辩/反思,我会这样说：因为ESSD/GCB是OWID图表背后的数据链，不是我拿来重复证明同一个数字的第二票。我用它做data provenance，说明OWID图表不是孤立网页，而是来自Global Carbon Budget论文和数据体系。正文中可以写OWID/GCB或说明数据链，但不能把它们包装成互相独立的两个证据。,这个回答能回到来源功能和边界。下一问：为什么IEA只用作nuance？,,,,,,,,,,自发,,低,—,"讲稿层(「我会这样说…」),非临场口头证据;按6.3不可作口头防守采证"
505,E265,交互轮,专业答辩,6 展示/答辩/反思,这里我先承认它的边界：IEA页面说的是2025年中国energy-related CO2可能小幅下降，这和OWID的2024 annual global CO2 share不是同一个口径。它能说明趋势上有变化，避免我把中国排放写成完全静止或单向恶化；但它不能推翻31.8%的年度份额，也不能证明中国已经实现可持续，所以只放一句nuance。,这个回答能回到来源功能和边界。下一问：为什么The Economist视频能用？,,,,,,,,,,自发,,低,—,"讲稿层(「我会这样说…」),非临场口头证据;按6.3不可作口头防守采证"
506,E266,交互轮,专业答辩,6 展示/答辩/反思,我会解释成这样：它能用，是因为老师要求至少两种媒介，而且这个视频提供human impact context，让sustainability不只停留在卫星叶面积和排放数字上。我先评估媒体本身，再自己观看并记录人物和场景。它的功能是让数据具象化，不是替代科学证据。,这个回答能回到来源功能和边界。下一问：为什么The Economist视频不能证明中国造成了那些影响？,,,,,,,,,,引导·任务要求,教师任务说明,中,—,"讲稿层(「我会这样说…」),非临场口头证据;按6.3不可作口头防守采证"
507,E267,交互轮,专业答辩,6 展示/答辩/反思,这条我不会硬撑，我会说：因为视频里的孟加拉迁移者、危地马拉农民、斐济村长是个案叙事，不是China-specific attribution evidence。我不能写他们的经历证明中国不 sustainable。正确用法是：这些案例说明climate impacts会落到人的生活上，因此planetary sustainability需要包含human vulnerability维度。,这个回答能回到来源功能和边界。下一问：为什么查Wikipedia上的The Economist？,,,,,,,,,,自发,,低,—,"讲稿层(「我会这样说…」),非临场口头证据;按6.3不可作口头防守采证"
508,E268,交互轮,专业答辩,6 展示/答辩/反思,我会把它说清楚一点：我查Wikipedia不是为了获取气候事实，而是为了做媒体身份初查：它是什么类型的媒体、受众范围、匿名写作传统等。这个信息只进入source evaluation，帮助判断The Economist作为综合性大媒体的权威与限制，不进入正文当气候证据。,这个回答能回到来源功能和边界。下一问：为什么World Bank只支持孟加拉背景？,,,,,,,,,,自发,,低,—,"讲稿层(「我会这样说…」),非临场口头证据;按6.3不可作口头防守采证"
509,E269,交互轮,专业答辩,6 展示/答辩/反思,我会这样区分：World Bank页面给的是Bangladesh climate and development背景，其中13.3 million是未来30年可能成为internal migrants的风险数字。它能支撑视频里的孟加拉迁移背景，提升视频叙事的可信度；但它的数据对象是孟加拉，不是中国，所以它只支持human vulnerability context，不能支持中国归因。,这个回答能回到来源功能和边界。下一问：为什么反方YouTube视频不直接引用？,,,,,,,,,,自发,,低,—,"讲稿层(「我会这样说…」),非临场口头证据;按6.3不可作口头防守采证"
510,E270,交互轮,专业答辩,6 展示/答辩/反思,我会这样说：反方YouTube视频是推荐流里出现的入口，能告诉我有一种CO2 helps plants的反方说法，但我没有把它当可靠证据。它的功能是帮我发现反方论点和视频简介里的co2science链接。正文不引用它，因为它不够稳定，也不是我论证反方的最佳来源。,这个回答能回到来源功能和边界。下一问：为什么co2science不直接排除？,,,,,,,,,,自发,,低,—,"讲稿层(「我会这样说…」),非临场口头证据;按6.3不可作口头防守采证"
511,E271,交互轮,专业答辩,6 展示/答辩/反思,这里我先承认它的边界：我不直接排除，是因为高水平论证要steelman反方。co2science提出CO2可能提高植物水分利用效率，这个窄主张可以被公平承认。但我限制它的范围：即使某些植物过程受益，也不能推出排放无害或气候变化没那么坏。正文里它只是一句让步，不是核心证据。,这个回答能回到来源功能和边界。下一问：为什么Exxon线索不继续？,,,,,,,,,,自发,,低,—,"讲稿层(「我会这样说…」),非临场口头证据;按6.3不可作口头防守采证"
512,E272,交互轮,专业答辩,6 展示/答辩/反思,我会解释成这样：Exxon线索确实和气候传播、企业责任、误导公众有关，但继续写会把题目从China sustainability转成fossil-fuel corporate communication。我的文章只有800词，已经有greening、emissions、human impacts和counterclaim四条线，所以Exxon放rabbit hole log，退出理由是off-topic和篇幅限制。,这个回答能回到来源功能和边界。下一问：为什么MEE没有进入正文？,,,,,,,,,,自发,,低,—,"讲稿层(「我会这样说…」),非临场口头证据;按6.3不可作口头防守采证"
513,E273,交互轮,专业答辩,6 展示/答辩/反思,这条我会按review后的状态回答：当前版本里MEE没有具体URL和打开理由，所以我不能把MEE说成已采用来源。它最多是一个policy context候选，但没有进入正文，也不能证明Nature的25%、OWID的31.8%，更不能单独证明中国已经可持续。,这个回答更诚实，也和未打开来源红线一致。下一问：如果老师问你为什么没有使用MEE透明度报告页面？,,,,,,,,,,自发,,低,—,"讲稿层(「我会这样说…」),非临场口头证据;按6.3不可作口头防守采证"
514,E274,交互轮,专业答辩,6 展示/答辩/反思,我会说：因为这版source log没有保留具体链接、打开理由和摘录，所以MEE透明度报告页面不能进入提交来源表。以后如果补齐URL，它可以作为policy context，但仍不是独立结果验证；当前正文已经选择不用它。,这个回答能把source status说清楚。下一问：为什么最后结论不是full yes？,,,,,,,,,,自发,,低,—,"讲稿层(「我会这样说…」),非临场口头证据;按6.3不可作口头防守采证"
515,E275,交互轮,专业答辩,6 展示/答辩/反思,我会这样区分：full yes需要greening、emissions、human impacts等维度都能支持中国让地球更可持续。但我的证据结构是：greening强，emissions限制强，human impacts提醒sustainability不能只看植物。所以full yes会越过证据边界。,这个回答能回到来源功能和边界。下一问：为什么最后结论也不是no？,,,,,,,,,,自发,,低,—,"讲稿层(「我会这样说…」),非临场口头证据;按6.3不可作口头防守采证"
516,E275,内部批注,专业答辩,6 展示/答辩/反思,我会这样说：no会抹掉Nature的强正面证据。中国在全球净叶面积增加中有可测量、规模很大的贡献，这至少支持一个维度上的positive contribution。所以最稳的结论是qualified yes：对greening是yes，对整体sustainability只能是有限肯定。,可以。最后这个回答把正面证据和限制证据都守住了，答辩时会显得很稳。,,,,,,,,,,自发,,低,—,"讲稿层(「我会这样说…」),非临场口头证据;按6.3不可作口头防守采证"
517,E276,交互轮,提交前终检,6 展示/答辩/反思,最后我把所有过程材料打包顺序写清楚：1 essay，2 source log，3 evidence cards，4 rabbit hole log，5 citation audit，6 reflection，7 AI use statement。,顺序很好。读者先看成品，再看过程依据。,,,,,,,,,,自发,,低,—,
518,E276,内部批注,提交前终检,6 展示/答辩/反思,"我在reflection结尾写：I learned that strong evidence is not only credible; it is bounded, placed, and connected to a warrant。",这句很专业，也很贴合你的过程。,,,,,,,,,,自发,,低,—,
519,E276,内部批注,提交前终检,6 展示/答辩/反思,我最终确认：正文里没有未打开来源，没有AI生成的视频细节，没有过度结论，没有来源堆叠。,可以提交。,,,,,,,,,,自发,,低,—,